Connecting to jdbc:hive2://hadoop-03.uni.innopolis.ru:10001
2026-05-10 12:23:04,049 INFO jdbc.Utils: Supplied authorities: hadoop-03.uni.innopolis.ru:10001
2026-05-10 12:23:04,050 INFO jdbc.Utils: Resolved authority: hadoop-03.uni.innopolis.ru:10001
Connected to: Apache Hive (version 3.1.3)
Driver: Hive JDBC (version 2.3.9)
Transaction isolation: TRANSACTION_REPEATABLE_READ
No rows affected (0.054 seconds)
No rows affected (0.003 seconds)
No rows affected (0.004 seconds)
No rows affected (0.002 seconds)
INFO  : Compiling command(queryId=hive_20260510122304_7bf580a7-64b0-492c-9be8-4c65c2cfadd8): USE team30_projectdb
INFO  : Semantic Analysis Completed (retrial = false)
INFO  : Returning Hive schema: Schema(fieldSchemas:null, properties:null)
INFO  : EXPLAIN output for queryid hive_20260510122304_7bf580a7-64b0-492c-9be8-4c65c2cfadd8 : STAGE DEPENDENCIES:
  Stage-0 is a root stage [DDL]

STAGE PLANS:
  Stage: Stage-0


INFO  : Completed compiling command(queryId=hive_20260510122304_7bf580a7-64b0-492c-9be8-4c65c2cfadd8); Time taken: 0.053 seconds
INFO  : Executing command(queryId=hive_20260510122304_7bf580a7-64b0-492c-9be8-4c65c2cfadd8): USE team30_projectdb
INFO  : Starting task [Stage-0:DDL] in serial mode
INFO  : Completed executing command(queryId=hive_20260510122304_7bf580a7-64b0-492c-9be8-4c65c2cfadd8); Time taken: 0.007 seconds
INFO  : OK
No rows affected (0.066 seconds)
INFO  : Compiling command(queryId=hive_20260510122304_6daeceaa-91d1-49aa-8540-33ad0b60380a): DROP TABLE IF EXISTS stage3_model1_predictions_ext
INFO  : Semantic Analysis Completed (retrial = false)
INFO  : Returning Hive schema: Schema(fieldSchemas:null, properties:null)
INFO  : EXPLAIN output for queryid hive_20260510122304_6daeceaa-91d1-49aa-8540-33ad0b60380a : STAGE DEPENDENCIES:
  Stage-0 is a root stage [DDL]

STAGE PLANS:
  Stage: Stage-0
      Drop Table Operator:
        Drop Table
          table: stage3_model1_predictions_ext


INFO  : Completed compiling command(queryId=hive_20260510122304_6daeceaa-91d1-49aa-8540-33ad0b60380a); Time taken: 0.036 seconds
INFO  : Executing command(queryId=hive_20260510122304_6daeceaa-91d1-49aa-8540-33ad0b60380a): DROP TABLE IF EXISTS stage3_model1_predictions_ext
INFO  : Starting task [Stage-0:DDL] in serial mode
INFO  : Completed executing command(queryId=hive_20260510122304_6daeceaa-91d1-49aa-8540-33ad0b60380a); Time taken: 0.04 seconds
INFO  : OK
No rows affected (0.096 seconds)
INFO  : Compiling command(queryId=hive_20260510122304_e17da2eb-cca2-4891-9273-8c54810b0b0d): CREATE EXTERNAL TABLE stage3_model1_predictions_ext (
label DOUBLE,
prediction DOUBLE
)
ROW FORMAT DELIMITED
FIELDS TERMINATED BY ','
STORED AS TEXTFILE
LOCATION 'project/output/model1_predictions'
TBLPROPERTIES ('skip.header.line.count'='1')
INFO  : Semantic Analysis Completed (retrial = false)
INFO  : Returning Hive schema: Schema(fieldSchemas:null, properties:null)
INFO  : EXPLAIN output for queryid hive_20260510122304_e17da2eb-cca2-4891-9273-8c54810b0b0d : STAGE DEPENDENCIES:
  Stage-0 is a root stage [DDL]

STAGE PLANS:
  Stage: Stage-0
      Create Table Operator:
        Create Table
          columns: label double, prediction double
          field delimiter: ,
          input format: org.apache.hadoop.mapred.TextInputFormat
          location: project/output/model1_predictions
          output format: org.apache.hadoop.hive.ql.io.IgnoreKeyTextOutputFormat
          serde name: org.apache.hadoop.hive.serde2.lazy.LazySimpleSerDe
          name: team30_projectdb.stage3_model1_predictions_ext
          table properties:
            skip.header.line.count 1
          isExternal: true


INFO  : Completed compiling command(queryId=hive_20260510122304_e17da2eb-cca2-4891-9273-8c54810b0b0d); Time taken: 0.033 seconds
INFO  : Executing command(queryId=hive_20260510122304_e17da2eb-cca2-4891-9273-8c54810b0b0d): CREATE EXTERNAL TABLE stage3_model1_predictions_ext (
label DOUBLE,
prediction DOUBLE
)
ROW FORMAT DELIMITED
FIELDS TERMINATED BY ','
STORED AS TEXTFILE
LOCATION 'project/output/model1_predictions'
TBLPROPERTIES ('skip.header.line.count'='1')
INFO  : Starting task [Stage-0:DDL] in serial mode
INFO  : Completed executing command(queryId=hive_20260510122304_e17da2eb-cca2-4891-9273-8c54810b0b0d); Time taken: 0.023 seconds
INFO  : OK
No rows affected (0.093 seconds)
INFO  : Compiling command(queryId=hive_20260510122304_36959814-25a8-4266-8265-bcfeb5eea1d6): DROP TABLE IF EXISTS stage3_model2_predictions_ext
INFO  : Semantic Analysis Completed (retrial = false)
INFO  : Returning Hive schema: Schema(fieldSchemas:null, properties:null)
INFO  : EXPLAIN output for queryid hive_20260510122304_36959814-25a8-4266-8265-bcfeb5eea1d6 : STAGE DEPENDENCIES:
  Stage-0 is a root stage [DDL]

STAGE PLANS:
  Stage: Stage-0
      Drop Table Operator:
        Drop Table
          table: stage3_model2_predictions_ext


INFO  : Completed compiling command(queryId=hive_20260510122304_36959814-25a8-4266-8265-bcfeb5eea1d6); Time taken: 0.034 seconds
INFO  : Executing command(queryId=hive_20260510122304_36959814-25a8-4266-8265-bcfeb5eea1d6): DROP TABLE IF EXISTS stage3_model2_predictions_ext
INFO  : Starting task [Stage-0:DDL] in serial mode
INFO  : Completed executing command(queryId=hive_20260510122304_36959814-25a8-4266-8265-bcfeb5eea1d6); Time taken: 0.039 seconds
INFO  : OK
No rows affected (0.091 seconds)
INFO  : Compiling command(queryId=hive_20260510122304_8932fa42-5c36-4a2c-9390-3e6690aa3a52): CREATE EXTERNAL TABLE stage3_model2_predictions_ext (
label DOUBLE,
prediction DOUBLE
)
ROW FORMAT DELIMITED
FIELDS TERMINATED BY ','
STORED AS TEXTFILE
LOCATION 'project/output/model2_predictions'
TBLPROPERTIES ('skip.header.line.count'='1')
INFO  : Semantic Analysis Completed (retrial = false)
INFO  : Returning Hive schema: Schema(fieldSchemas:null, properties:null)
INFO  : EXPLAIN output for queryid hive_20260510122304_8932fa42-5c36-4a2c-9390-3e6690aa3a52 : STAGE DEPENDENCIES:
  Stage-0 is a root stage [DDL]

STAGE PLANS:
  Stage: Stage-0
      Create Table Operator:
        Create Table
          columns: label double, prediction double
          field delimiter: ,
          input format: org.apache.hadoop.mapred.TextInputFormat
          location: project/output/model2_predictions
          output format: org.apache.hadoop.hive.ql.io.IgnoreKeyTextOutputFormat
          serde name: org.apache.hadoop.hive.serde2.lazy.LazySimpleSerDe
          name: team30_projectdb.stage3_model2_predictions_ext
          table properties:
            skip.header.line.count 1
          isExternal: true


INFO  : Completed compiling command(queryId=hive_20260510122304_8932fa42-5c36-4a2c-9390-3e6690aa3a52); Time taken: 0.036 seconds
INFO  : Executing command(queryId=hive_20260510122304_8932fa42-5c36-4a2c-9390-3e6690aa3a52): CREATE EXTERNAL TABLE stage3_model2_predictions_ext (
label DOUBLE,
prediction DOUBLE
)
ROW FORMAT DELIMITED
FIELDS TERMINATED BY ','
STORED AS TEXTFILE
LOCATION 'project/output/model2_predictions'
TBLPROPERTIES ('skip.header.line.count'='1')
INFO  : Starting task [Stage-0:DDL] in serial mode
INFO  : Completed executing command(queryId=hive_20260510122304_8932fa42-5c36-4a2c-9390-3e6690aa3a52); Time taken: 0.025 seconds
INFO  : OK
No rows affected (0.091 seconds)
INFO  : Compiling command(queryId=hive_20260510122304_36f47673-dad5-49dd-8d43-ec90eaa0a57e): DROP TABLE IF EXISTS stage3_model_evaluation_ext
INFO  : Semantic Analysis Completed (retrial = false)
INFO  : Returning Hive schema: Schema(fieldSchemas:null, properties:null)
INFO  : EXPLAIN output for queryid hive_20260510122304_36f47673-dad5-49dd-8d43-ec90eaa0a57e : STAGE DEPENDENCIES:
  Stage-0 is a root stage [DDL]

STAGE PLANS:
  Stage: Stage-0
      Drop Table Operator:
        Drop Table
          table: stage3_model_evaluation_ext


INFO  : Completed compiling command(queryId=hive_20260510122304_36f47673-dad5-49dd-8d43-ec90eaa0a57e); Time taken: 0.034 seconds
INFO  : Executing command(queryId=hive_20260510122304_36f47673-dad5-49dd-8d43-ec90eaa0a57e): DROP TABLE IF EXISTS stage3_model_evaluation_ext
INFO  : Starting task [Stage-0:DDL] in serial mode
INFO  : Completed executing command(queryId=hive_20260510122304_36f47673-dad5-49dd-8d43-ec90eaa0a57e); Time taken: 0.043 seconds
INFO  : OK
No rows affected (0.094 seconds)
INFO  : Compiling command(queryId=hive_20260510122305_f91f8233-48d5-4fbe-a982-b5e0634135d0): CREATE EXTERNAL TABLE stage3_model_evaluation_ext (
model STRING,
accuracy DOUBLE,
model_precision DOUBLE,
recall DOUBLE,
f1_score DOUBLE
)
ROW FORMAT DELIMITED
FIELDS TERMINATED BY ','
STORED AS TEXTFILE
LOCATION 'project/output/evaluation'
TBLPROPERTIES ('skip.header.line.count'='1')
INFO  : Semantic Analysis Completed (retrial = false)
INFO  : Returning Hive schema: Schema(fieldSchemas:null, properties:null)
INFO  : EXPLAIN output for queryid hive_20260510122305_f91f8233-48d5-4fbe-a982-b5e0634135d0 : STAGE DEPENDENCIES:
  Stage-0 is a root stage [DDL]

STAGE PLANS:
  Stage: Stage-0
      Create Table Operator:
        Create Table
          columns: model string, accuracy double, model_precision double, recall double, f1_score double
          field delimiter: ,
          input format: org.apache.hadoop.mapred.TextInputFormat
          location: project/output/evaluation
          output format: org.apache.hadoop.hive.ql.io.IgnoreKeyTextOutputFormat
          serde name: org.apache.hadoop.hive.serde2.lazy.LazySimpleSerDe
          name: team30_projectdb.stage3_model_evaluation_ext
          table properties:
            skip.header.line.count 1
          isExternal: true


INFO  : Completed compiling command(queryId=hive_20260510122305_f91f8233-48d5-4fbe-a982-b5e0634135d0); Time taken: 0.03 seconds
INFO  : Executing command(queryId=hive_20260510122305_f91f8233-48d5-4fbe-a982-b5e0634135d0): CREATE EXTERNAL TABLE stage3_model_evaluation_ext (
model STRING,
accuracy DOUBLE,
model_precision DOUBLE,
recall DOUBLE,
f1_score DOUBLE
)
ROW FORMAT DELIMITED
FIELDS TERMINATED BY ','
STORED AS TEXTFILE
LOCATION 'project/output/evaluation'
TBLPROPERTIES ('skip.header.line.count'='1')
INFO  : Starting task [Stage-0:DDL] in serial mode
INFO  : Completed executing command(queryId=hive_20260510122305_f91f8233-48d5-4fbe-a982-b5e0634135d0); Time taken: 0.02 seconds
INFO  : OK
No rows affected (0.076 seconds)
INFO  : Compiling command(queryId=hive_20260510122305_6a83c86b-bf9d-48a4-b5e9-e2d410c2d88a): DROP TABLE IF EXISTS stage4_model_evaluation
INFO  : Semantic Analysis Completed (retrial = false)
INFO  : Returning Hive schema: Schema(fieldSchemas:null, properties:null)
INFO  : EXPLAIN output for queryid hive_20260510122305_6a83c86b-bf9d-48a4-b5e9-e2d410c2d88a : STAGE DEPENDENCIES:
  Stage-0 is a root stage [DDL]

STAGE PLANS:
  Stage: Stage-0
      Drop Table Operator:
        Drop Table
          table: stage4_model_evaluation


INFO  : Completed compiling command(queryId=hive_20260510122305_6a83c86b-bf9d-48a4-b5e9-e2d410c2d88a); Time taken: 0.034 seconds
INFO  : Executing command(queryId=hive_20260510122305_6a83c86b-bf9d-48a4-b5e9-e2d410c2d88a): DROP TABLE IF EXISTS stage4_model_evaluation
INFO  : Starting task [Stage-0:DDL] in serial mode
INFO  : Completed executing command(queryId=hive_20260510122305_6a83c86b-bf9d-48a4-b5e9-e2d410c2d88a); Time taken: 0.052 seconds
INFO  : OK
No rows affected (0.112 seconds)
INFO  : Compiling command(queryId=hive_20260510122305_b79b16bb-aea0-40ca-87a8-89ead753c2cc): CREATE TABLE stage4_model_evaluation
STORED AS PARQUET
AS
SELECT
model,
accuracy,
model_precision,
recall,
f1_score
FROM stage3_model_evaluation_ext
INFO  : Semantic Analysis Completed (retrial = false)
INFO  : Returning Hive schema: Schema(fieldSchemas:[FieldSchema(name:model, type:string, comment:null), FieldSchema(name:accuracy, type:double, comment:null), FieldSchema(name:model_precision, type:double, comment:null), FieldSchema(name:recall, type:double, comment:null), FieldSchema(name:f1_score, type:double, comment:null)], properties:null)
INFO  : EXPLAIN output for queryid hive_20260510122305_b79b16bb-aea0-40ca-87a8-89ead753c2cc : STAGE DEPENDENCIES:
  Stage-1 is a root stage [MAPRED]
  Stage-2 depends on stages: Stage-1 [DEPENDENCY_COLLECTION]
  Stage-4 depends on stages: Stage-2, Stage-0 [DDL]
  Stage-3 depends on stages: Stage-4 [STATS]
  Stage-0 depends on stages: Stage-1 [MOVE]

STAGE PLANS:
  Stage: Stage-1
    Tez
      DagId: hive_20260510122305_b79b16bb-aea0-40ca-87a8-89ead753c2cc:3868
      DagName: hive_20260510122305_b79b16bb-aea0-40ca-87a8-89ead753c2cc:3868
      Vertices:
        Map 1 
            Map Operator Tree:
                TableScan
                  alias: stage3_model_evaluation_ext
                  Statistics: Num rows: 7 Data size: 2270 Basic stats: COMPLETE Column stats: NONE
                  GatherStats: false
                  Select Operator
                    expressions: model (type: string), accuracy (type: double), model_precision (type: double), recall (type: double), f1_score (type: double)
                    outputColumnNames: _col0, _col1, _col2, _col3, _col4
                    Statistics: Num rows: 7 Data size: 2270 Basic stats: COMPLETE Column stats: NONE
                    File Output Operator
                      compressed: false
                      GlobalTableId: 1
                      directory: hdfs://hadoop-02.uni.innopolis.ru:8020/user/team30/project/hive/warehouse/.hive-staging_hive_2026-05-10_12-23-05_392_3514290114098372710-1740/-ext-10002
                      NumFilesPerFileSink: 1
                      Statistics: Num rows: 7 Data size: 2270 Basic stats: COMPLETE Column stats: NONE
                      Stats Publishing Key Prefix: hdfs://hadoop-02.uni.innopolis.ru:8020/user/team30/project/hive/warehouse/.hive-staging_hive_2026-05-10_12-23-05_392_3514290114098372710-1740/-ext-10002/
                      table:
                          input format: org.apache.hadoop.hive.ql.io.parquet.MapredParquetInputFormat
                          output format: org.apache.hadoop.hive.ql.io.parquet.MapredParquetOutputFormat
                          properties:
                            columns model,accuracy,model_precision,recall,f1_score
                            columns.types string:double:double:double:double
                            name team30_projectdb.stage4_model_evaluation
                            serialization.format 1
                            serialization.lib org.apache.hadoop.hive.ql.io.parquet.serde.ParquetHiveSerDe
                          serde: org.apache.hadoop.hive.ql.io.parquet.serde.ParquetHiveSerDe
                          name: team30_projectdb.stage4_model_evaluation
                      TotalFiles: 1
                      GatherStats: true
                      MultiFileSpray: false
            Path -> Alias:
              hdfs://hadoop-02.uni.innopolis.ru:8020/user/team30/project/output/evaluation [stage3_model_evaluation_ext]
            Path -> Partition:
              hdfs://hadoop-02.uni.innopolis.ru:8020/user/team30/project/output/evaluation 
                Partition
                  base file name: evaluation
                  input format: org.apache.hadoop.mapred.TextInputFormat
                  output format: org.apache.hadoop.hive.ql.io.HiveIgnoreKeyTextOutputFormat
                  properties:
                    EXTERNAL TRUE
                    bucket_count -1
                    bucketing_version 2
                    column.name.delimiter ,
                    columns model,accuracy,model_precision,recall,f1_score
                    columns.comments 
                    columns.types string:double:double:double:double
                    field.delim ,
                    file.inputformat org.apache.hadoop.mapred.TextInputFormat
                    file.outputformat org.apache.hadoop.hive.ql.io.HiveIgnoreKeyTextOutputFormat
                    location hdfs://hadoop-02.uni.innopolis.ru:8020/user/team30/project/output/evaluation
                    name team30_projectdb.stage3_model_evaluation_ext
                    numFiles 1
                    serialization.ddl struct stage3_model_evaluation_ext { string model, double accuracy, double model_precision, double recall, double f1_score}
                    serialization.format ,
                    serialization.lib org.apache.hadoop.hive.serde2.lazy.LazySimpleSerDe
                    skip.header.line.count 1
                    totalSize 227
                    transient_lastDdlTime 1778404985
                  serde: org.apache.hadoop.hive.serde2.lazy.LazySimpleSerDe
                
                    input format: org.apache.hadoop.mapred.TextInputFormat
                    output format: org.apache.hadoop.hive.ql.io.HiveIgnoreKeyTextOutputFormat
                    properties:
                      EXTERNAL TRUE
                      bucket_count -1
                      bucketing_version 2
                      column.name.delimiter ,
                      columns model,accuracy,model_precision,recall,f1_score
                      columns.comments 
                      columns.types string:double:double:double:double
                      field.delim ,
                      file.inputformat org.apache.hadoop.mapred.TextInputFormat
                      file.outputformat org.apache.hadoop.hive.ql.io.HiveIgnoreKeyTextOutputFormat
                      location hdfs://hadoop-02.uni.innopolis.ru:8020/user/team30/project/output/evaluation
                      name team30_projectdb.stage3_model_evaluation_ext
                      numFiles 1
                      serialization.ddl struct stage3_model_evaluation_ext { string model, double accuracy, double model_precision, double recall, double f1_score}
                      serialization.format ,
                      serialization.lib org.apache.hadoop.hive.serde2.lazy.LazySimpleSerDe
                      skip.header.line.count 1
                      totalSize 227
                      transient_lastDdlTime 1778404985
                    serde: org.apache.hadoop.hive.serde2.lazy.LazySimpleSerDe
                    name: team30_projectdb.stage3_model_evaluation_ext
                  name: team30_projectdb.stage3_model_evaluation_ext
            Truncated Path -> Alias:
              hdfs://hadoop-02.uni.innopolis.ru:8020/user/team30/project/output/evaluation [stage3_model_evaluation_ext]

  Stage: Stage-2
    Dependency Collection

  Stage: Stage-4
      Create Table Operator:
        Create Table
          columns: model string, accuracy double, model_precision double, recall double, f1_score double
          input format: org.apache.hadoop.hive.ql.io.parquet.MapredParquetInputFormat
          output format: org.apache.hadoop.hive.ql.io.parquet.MapredParquetOutputFormat
          serde name: org.apache.hadoop.hive.ql.io.parquet.serde.ParquetHiveSerDe
          name: team30_projectdb.stage4_model_evaluation

  Stage: Stage-3
    Stats Work
      Basic Stats Work:
          Stats Aggregation Key Prefix: hdfs://hadoop-02.uni.innopolis.ru:8020/user/team30/project/hive/warehouse/.hive-staging_hive_2026-05-10_12-23-05_392_3514290114098372710-1740/-ext-10002/

  Stage: Stage-0
    Move Operator
      files:
          hdfs directory: true
          source: hdfs://hadoop-02.uni.innopolis.ru:8020/user/team30/project/hive/warehouse/.hive-staging_hive_2026-05-10_12-23-05_392_3514290114098372710-1740/-ext-10002
          destination: hdfs://hadoop-02.uni.innopolis.ru:8020/user/team30/project/hive/warehouse/stage4_model_evaluation


INFO  : Completed compiling command(queryId=hive_20260510122305_b79b16bb-aea0-40ca-87a8-89ead753c2cc); Time taken: 0.097 seconds
INFO  : Executing command(queryId=hive_20260510122305_b79b16bb-aea0-40ca-87a8-89ead753c2cc): CREATE TABLE stage4_model_evaluation
STORED AS PARQUET
AS
SELECT
model,
accuracy,
model_precision,
recall,
f1_score
FROM stage3_model_evaluation_ext
INFO  : Query ID = hive_20260510122305_b79b16bb-aea0-40ca-87a8-89ead753c2cc
INFO  : Total jobs = 1
INFO  : Launching Job 1 out of 1
INFO  : Starting task [Stage-1:MAPRED] in serial mode
INFO  : Subscribed to counters: [] for queryId: hive_20260510122305_b79b16bb-aea0-40ca-87a8-89ead753c2cc
INFO  : Tez session hasn't been created yet. Opening session
INFO  : Dag name: CREATE TABLE stage4_m...model_evaluation_ext (Stage-1)
INFO  : Status: Running (Executing on YARN cluster with App id application_1777989965680_4115)

[2K----------------------------------------------------------------------------------------------
[2K[36;1m        VERTICES      MODE        STATUS  TOTAL  COMPLETED  RUNNING  PENDING  FAILED  KILLED  
[22;0m[2K----------------------------------------------------------------------------------------------
[2KMap 1            container        INITED      1          0        0        1       0       0  
[2K----------------------------------------------------------------------------------------------
[2K[31;1mVERTICES: 00/01  [>>--------------------------] 0%    ELAPSED TIME: 1.28 s     
[22;0m[2K----------------------------------------------------------------------------------------------
[7A[2K----------------------------------------------------------------------------------------------
[2K[36;1m        VERTICES      MODE        STATUS  TOTAL  COMPLETED  RUNNING  PENDING  FAILED  KILLED  
[22;0m[2K----------------------------------------------------------------------------------------------
[2KMap 1            container        INITED      1          0        0        1       0       0  
[2K----------------------------------------------------------------------------------------------
[2K[31;1mVERTICES: 00/01  [>>--------------------------] 0%    ELAPSED TIME: 1.78 s     
[22;0m[2K----------------------------------------------------------------------------------------------
[7A[2K----------------------------------------------------------------------------------------------
[2K[36;1m        VERTICES      MODE        STATUS  TOTAL  COMPLETED  RUNNING  PENDING  FAILED  KILLED  
[22;0m[2K----------------------------------------------------------------------------------------------
[2KMap 1            container        INITED      1          0        0        1       0       0  
[2K----------------------------------------------------------------------------------------------
[2K[31;1mVERTICES: 00/01  [>>--------------------------] 0%    ELAPSED TIME: 2.28 s     
[22;0m[2K----------------------------------------------------------------------------------------------
[7A[2K----------------------------------------------------------------------------------------------
[2K[36;1m        VERTICES      MODE        STATUS  TOTAL  COMPLETED  RUNNING  PENDING  FAILED  KILLED  
[22;0m[2K----------------------------------------------------------------------------------------------
[2KMap 1            container       RUNNING      1          0        1        0       0       0  
[2K----------------------------------------------------------------------------------------------
[2K[31;1mVERTICES: 00/01  [>>--------------------------] 0%    ELAPSED TIME: 2.79 s     
[22;0m[2K----------------------------------------------------------------------------------------------
[7A[2K----------------------------------------------------------------------------------------------
[2K[36;1m        VERTICES      MODE        STATUS  TOTAL  COMPLETED  RUNNING  PENDING  FAILED  KILLED  
[22;0m[2K----------------------------------------------------------------------------------------------
[2KMap 1            container       RUNNING      1          0        1        0       0       0  
[2K----------------------------------------------------------------------------------------------
[2K[31;1mVERTICES: 00/01  [>>--------------------------] 0%    ELAPSED TIME: 3.30 s     
[22;0m[2K----------------------------------------------------------------------------------------------
[7A[2K----------------------------------------------------------------------------------------------
[2K[36;1m        VERTICES      MODE        STATUS  TOTAL  COMPLETED  RUNNING  PENDING  FAILED  KILLED  
[22;0m[2K----------------------------------------------------------------------------------------------
[2KMap 1 .......... container     SUCCEEDED      1          1        0        0       0       0  
[2K----------------------------------------------------------------------------------------------
[2K[31;1mVERTICES: 01/01  [==========================>>] 100%  ELAPSED TIME: 3.80 s     
[22;0m[2K----------------------------------------------------------------------------------------------
[7A[2K----------------------------------------------------------------------------------------------
[2K[36;1m        VERTICES      MODE        STATUS  TOTAL  COMPLETED  RUNNING  PENDING  FAILED  KILLED  
[22;0m[2K----------------------------------------------------------------------------------------------
[2KMap 1 .......... container     SUCCEEDED      1          1        0        0       0       0  
[2K----------------------------------------------------------------------------------------------
[2K[31;1mVERTICES: 01/01  [==========================>>] 100%  ELAPSED TIME: 3.86 s     
[22;0m[2K----------------------------------------------------------------------------------------------
INFO  : Starting task [Stage-2:DEPENDENCY_COLLECTION] in serial mode
INFO  : Starting task [Stage-0:MOVE] in serial mode
INFO  : Moving data to directory hdfs://hadoop-02.uni.innopolis.ru:8020/user/team30/project/hive/warehouse/stage4_model_evaluation from hdfs://hadoop-02.uni.innopolis.ru:8020/user/team30/project/hive/warehouse/.hive-staging_hive_2026-05-10_12-23-05_392_3514290114098372710-1740/-ext-10002
INFO  : Starting task [Stage-4:DDL] in serial mode
INFO  : Starting task [Stage-3:STATS] in serial mode
INFO  : Completed executing command(queryId=hive_20260510122305_b79b16bb-aea0-40ca-87a8-89ead753c2cc); Time taken: 7.663 seconds
INFO  : OK
No rows affected (7.787 seconds)
INFO  : Compiling command(queryId=hive_20260510122313_bcfe865a-b3a4-424b-93fa-1f211f81bc4e): DROP TABLE IF EXISTS stage4_label_mapping
INFO  : Semantic Analysis Completed (retrial = false)
INFO  : Returning Hive schema: Schema(fieldSchemas:null, properties:null)
INFO  : EXPLAIN output for queryid hive_20260510122313_bcfe865a-b3a4-424b-93fa-1f211f81bc4e : STAGE DEPENDENCIES:
  Stage-0 is a root stage [DDL]

STAGE PLANS:
  Stage: Stage-0
      Drop Table Operator:
        Drop Table
          table: stage4_label_mapping


INFO  : Completed compiling command(queryId=hive_20260510122313_bcfe865a-b3a4-424b-93fa-1f211f81bc4e); Time taken: 0.032 seconds
INFO  : Executing command(queryId=hive_20260510122313_bcfe865a-b3a4-424b-93fa-1f211f81bc4e): DROP TABLE IF EXISTS stage4_label_mapping
INFO  : Starting task [Stage-0:DDL] in serial mode
INFO  : Completed executing command(queryId=hive_20260510122313_bcfe865a-b3a4-424b-93fa-1f211f81bc4e); Time taken: 0.004 seconds
INFO  : OK
No rows affected (0.067 seconds)
INFO  : Compiling command(queryId=hive_20260510122313_e4e1ea62-449b-4002-8cf1-8ff8218aab47): CREATE TABLE stage4_label_mapping
STORED AS PARQUET
AS
SELECT 0.0 AS label, 'Benign' AS label_name
UNION ALL
SELECT 1.0 AS label, 'Malicious' AS label_name
UNION ALL
SELECT 2.0 AS label, 'Malicious DDoS' AS label_name
UNION ALL
SELECT 3.0 AS label, 'Malicious PartOfAHorizontalPortScan' AS label_name
UNION ALL
SELECT 4.0 AS label, 'Malicious C&C' AS label_name
UNION ALL
SELECT 5.0 AS label, 'Malicious Attack' AS label_name
UNION ALL
SELECT 6.0 AS label, 'Malicious FileDownload' AS label_name
INFO  : Semantic Analysis Completed (retrial = false)
INFO  : Returning Hive schema: Schema(fieldSchemas:[FieldSchema(name:label, type:decimal(1,0), comment:null), FieldSchema(name:label_name, type:string, comment:null)], properties:null)
INFO  : EXPLAIN output for queryid hive_20260510122313_e4e1ea62-449b-4002-8cf1-8ff8218aab47 : STAGE DEPENDENCIES:
  Stage-1 is a root stage [MAPRED]
  Stage-2 depends on stages: Stage-1 [DEPENDENCY_COLLECTION]
  Stage-4 depends on stages: Stage-2, Stage-0 [DDL]
  Stage-3 depends on stages: Stage-4 [STATS]
  Stage-0 depends on stages: Stage-1 [MOVE]

STAGE PLANS:
  Stage: Stage-1
    Tez
      DagId: hive_20260510122313_e4e1ea62-449b-4002-8cf1-8ff8218aab47:3871
      Edges:
        Map 1 <- Union 2 (CONTAINS)
        Map 3 <- Union 2 (CONTAINS)
        Map 4 <- Union 2 (CONTAINS)
        Map 5 <- Union 2 (CONTAINS)
        Map 6 <- Union 2 (CONTAINS)
        Map 7 <- Union 2 (CONTAINS)
        Map 8 <- Union 2 (CONTAINS)
      DagName: hive_20260510122313_e4e1ea62-449b-4002-8cf1-8ff8218aab47:3871
      Vertices:
        Map 1 
            Map Operator Tree:
                TableScan
                  alias: _dummy_table
                  Row Limit Per Split: 1
                  Statistics: Num rows: 1 Data size: 10 Basic stats: COMPLETE Column stats: COMPLETE
                  GatherStats: false
                  Select Operator
                    expressions: 0 (type: decimal(1,0)), 'Benign' (type: string)
                    outputColumnNames: _col0, _col1
                    Statistics: Num rows: 1 Data size: 202 Basic stats: COMPLETE Column stats: COMPLETE
                    File Output Operator
                      compressed: false
                      GlobalTableId: 1
                      directory: hdfs://hadoop-02.uni.innopolis.ru:8020/user/team30/project/hive/warehouse/.hive-staging_hive_2026-05-10_12-23-13_390_2246681866173960621-1740/-ext-10002/HIVE_UNION_SUBDIR_1
                      NumFilesPerFileSink: 1
                      Statistics: Num rows: 7 Data size: 1487 Basic stats: COMPLETE Column stats: COMPLETE
                      Stats Publishing Key Prefix: hdfs://hadoop-02.uni.innopolis.ru:8020/user/team30/project/hive/warehouse/.hive-staging_hive_2026-05-10_12-23-13_390_2246681866173960621-1740/-ext-10002/
                      table:
                          input format: org.apache.hadoop.hive.ql.io.parquet.MapredParquetInputFormat
                          output format: org.apache.hadoop.hive.ql.io.parquet.MapredParquetOutputFormat
                          properties:
                            columns label,label_name
                            columns.types decimal(1,0):string
                            name team30_projectdb.stage4_label_mapping
                            serialization.format 1
                            serialization.lib org.apache.hadoop.hive.ql.io.parquet.serde.ParquetHiveSerDe
                          serde: org.apache.hadoop.hive.ql.io.parquet.serde.ParquetHiveSerDe
                          name: team30_projectdb.stage4_label_mapping
                      TotalFiles: 1
                      GatherStats: true
                      MultiFileSpray: false
            Path -> Alias:
              hdfs://hadoop-02.uni.innopolis.ru:8020/tmp/hive/team30/4f283a33-f3db-40bf-aa0a-2bd4e0e843a8/hive_2026-05-10_12-23-13_390_2246681866173960621-1740/dummy_path [_dummy_table]
            Path -> Partition:
              hdfs://hadoop-02.uni.innopolis.ru:8020/tmp/hive/team30/4f283a33-f3db-40bf-aa0a-2bd4e0e843a8/hive_2026-05-10_12-23-13_390_2246681866173960621-1740/dummy_path 
                Partition
                  base file name: dummy_path
                  input format: org.apache.hadoop.hive.ql.io.NullRowsInputFormat
                  output format: org.apache.hadoop.hive.ql.io.HiveIgnoreKeyTextOutputFormat
                  properties:
                    bucket_count -1
                    bucketing_version 2
                    column.name.delimiter ,
                    columns 
                    columns.comments 
                    columns.types 
                    file.inputformat org.apache.hadoop.hive.ql.io.NullRowsInputFormat
                    file.outputformat org.apache.hadoop.hive.ql.io.HiveIgnoreKeyTextOutputFormat
                    location hdfs://hadoop-02.uni.innopolis.ru:8020/tmp/hive/team30/4f283a33-f3db-40bf-aa0a-2bd4e0e843a8/hive_2026-05-10_12-23-13_390_2246681866173960621-1740/dummy_path
                    name _dummy_database._dummy_table
                    serialization.ddl struct _dummy_table { }
                    serialization.format 1
                    serialization.lib org.apache.hadoop.hive.serde2.NullStructSerDe
                  serde: org.apache.hadoop.hive.serde2.NullStructSerDe
                
                    input format: org.apache.hadoop.hive.ql.io.NullRowsInputFormat
                    output format: org.apache.hadoop.hive.ql.io.HiveIgnoreKeyTextOutputFormat
                    properties:
                      bucket_count -1
                      bucketing_version 2
                      column.name.delimiter ,
                      columns 
                      columns.comments 
                      columns.types 
                      file.inputformat org.apache.hadoop.hive.ql.io.NullRowsInputFormat
                      file.outputformat org.apache.hadoop.hive.ql.io.HiveIgnoreKeyTextOutputFormat
                      location hdfs://hadoop-02.uni.innopolis.ru:8020/tmp/hive/team30/4f283a33-f3db-40bf-aa0a-2bd4e0e843a8/hive_2026-05-10_12-23-13_390_2246681866173960621-1740/dummy_path
                      name _dummy_database._dummy_table
                      serialization.ddl struct _dummy_table { }
                      serialization.format 1
                      serialization.lib org.apache.hadoop.hive.serde2.NullStructSerDe
                    serde: org.apache.hadoop.hive.serde2.NullStructSerDe
                    name: _dummy_database._dummy_table
                  name: _dummy_database._dummy_table
            Truncated Path -> Alias:
              hdfs://hadoop-02.uni.innopolis.ru:8020/tmp/hive/team30/4f283a33-f3db-40bf-aa0a-2bd4e0e843a8/hive_2026-05-10_12-23-13_390_2246681866173960621-1740/dummy_path [_dummy_table]
        Map 3 
            Map Operator Tree:
                TableScan
                  alias: _dummy_table
                  Row Limit Per Split: 1
                  Statistics: Num rows: 1 Data size: 10 Basic stats: COMPLETE Column stats: COMPLETE
                  GatherStats: false
                  Select Operator
                    expressions: 1 (type: decimal(1,0)), 'Malicious' (type: string)
                    outputColumnNames: _col0, _col1
                    Statistics: Num rows: 1 Data size: 205 Basic stats: COMPLETE Column stats: COMPLETE
                    File Output Operator
                      compressed: false
                      GlobalTableId: 1
                      directory: hdfs://hadoop-02.uni.innopolis.ru:8020/user/team30/project/hive/warehouse/.hive-staging_hive_2026-05-10_12-23-13_390_2246681866173960621-1740/-ext-10002/HIVE_UNION_SUBDIR_2
                      NumFilesPerFileSink: 1
                      Statistics: Num rows: 7 Data size: 1487 Basic stats: COMPLETE Column stats: COMPLETE
                      Stats Publishing Key Prefix: hdfs://hadoop-02.uni.innopolis.ru:8020/user/team30/project/hive/warehouse/.hive-staging_hive_2026-05-10_12-23-13_390_2246681866173960621-1740/-ext-10002/
                      table:
                          input format: org.apache.hadoop.hive.ql.io.parquet.MapredParquetInputFormat
                          output format: org.apache.hadoop.hive.ql.io.parquet.MapredParquetOutputFormat
                          properties:
                            columns label,label_name
                            columns.types decimal(1,0):string
                            name team30_projectdb.stage4_label_mapping
                            serialization.format 1
                            serialization.lib org.apache.hadoop.hive.ql.io.parquet.serde.ParquetHiveSerDe
                          serde: org.apache.hadoop.hive.ql.io.parquet.serde.ParquetHiveSerDe
                          name: team30_projectdb.stage4_label_mapping
                      TotalFiles: 1
                      GatherStats: true
                      MultiFileSpray: false
            Path -> Alias:
              hdfs://hadoop-02.uni.innopolis.ru:8020/tmp/hive/team30/4f283a33-f3db-40bf-aa0a-2bd4e0e843a8/hive_2026-05-10_12-23-13_390_2246681866173960621-1740/dummy_path [_dummy_table]
            Path -> Partition:
              hdfs://hadoop-02.uni.innopolis.ru:8020/tmp/hive/team30/4f283a33-f3db-40bf-aa0a-2bd4e0e843a8/hive_2026-05-10_12-23-13_390_2246681866173960621-1740/dummy_path 
                Partition
                  base file name: dummy_path
                  input format: org.apache.hadoop.hive.ql.io.NullRowsInputFormat
                  output format: org.apache.hadoop.hive.ql.io.HiveIgnoreKeyTextOutputFormat
                  properties:
                    bucket_count -1
                    bucketing_version 2
                    column.name.delimiter ,
                    columns 
                    columns.comments 
                    columns.types 
                    file.inputformat org.apache.hadoop.hive.ql.io.NullRowsInputFormat
                    file.outputformat org.apache.hadoop.hive.ql.io.HiveIgnoreKeyTextOutputFormat
                    location hdfs://hadoop-02.uni.innopolis.ru:8020/tmp/hive/team30/4f283a33-f3db-40bf-aa0a-2bd4e0e843a8/hive_2026-05-10_12-23-13_390_2246681866173960621-1740/dummy_path
                    name _dummy_database._dummy_table
                    serialization.ddl struct _dummy_table { }
                    serialization.format 1
                    serialization.lib org.apache.hadoop.hive.serde2.NullStructSerDe
                  serde: org.apache.hadoop.hive.serde2.NullStructSerDe
                
                    input format: org.apache.hadoop.hive.ql.io.NullRowsInputFormat
                    output format: org.apache.hadoop.hive.ql.io.HiveIgnoreKeyTextOutputFormat
                    properties:
                      bucket_count -1
                      bucketing_version 2
                      column.name.delimiter ,
                      columns 
                      columns.comments 
                      columns.types 
                      file.inputformat org.apache.hadoop.hive.ql.io.NullRowsInputFormat
                      file.outputformat org.apache.hadoop.hive.ql.io.HiveIgnoreKeyTextOutputFormat
                      location hdfs://hadoop-02.uni.innopolis.ru:8020/tmp/hive/team30/4f283a33-f3db-40bf-aa0a-2bd4e0e843a8/hive_2026-05-10_12-23-13_390_2246681866173960621-1740/dummy_path
                      name _dummy_database._dummy_table
                      serialization.ddl struct _dummy_table { }
                      serialization.format 1
                      serialization.lib org.apache.hadoop.hive.serde2.NullStructSerDe
                    serde: org.apache.hadoop.hive.serde2.NullStructSerDe
                    name: _dummy_database._dummy_table
                  name: _dummy_database._dummy_table
            Truncated Path -> Alias:
              hdfs://hadoop-02.uni.innopolis.ru:8020/tmp/hive/team30/4f283a33-f3db-40bf-aa0a-2bd4e0e843a8/hive_2026-05-10_12-23-13_390_2246681866173960621-1740/dummy_path [_dummy_table]
        Map 4 
            Map Operator Tree:
                TableScan
                  alias: _dummy_table
                  Row Limit Per Split: 1
                  Statistics: Num rows: 1 Data size: 10 Basic stats: COMPLETE Column stats: COMPLETE
                  GatherStats: false
                  Select Operator
                    expressions: 2 (type: decimal(1,0)), 'Malicious DDoS' (type: string)
                    outputColumnNames: _col0, _col1
                    Statistics: Num rows: 1 Data size: 210 Basic stats: COMPLETE Column stats: COMPLETE
                    File Output Operator
                      compressed: false
                      GlobalTableId: 1
                      directory: hdfs://hadoop-02.uni.innopolis.ru:8020/user/team30/project/hive/warehouse/.hive-staging_hive_2026-05-10_12-23-13_390_2246681866173960621-1740/-ext-10002/HIVE_UNION_SUBDIR_3
                      NumFilesPerFileSink: 1
                      Statistics: Num rows: 7 Data size: 1487 Basic stats: COMPLETE Column stats: COMPLETE
                      Stats Publishing Key Prefix: hdfs://hadoop-02.uni.innopolis.ru:8020/user/team30/project/hive/warehouse/.hive-staging_hive_2026-05-10_12-23-13_390_2246681866173960621-1740/-ext-10002/
                      table:
                          input format: org.apache.hadoop.hive.ql.io.parquet.MapredParquetInputFormat
                          output format: org.apache.hadoop.hive.ql.io.parquet.MapredParquetOutputFormat
                          properties:
                            columns label,label_name
                            columns.types decimal(1,0):string
                            name team30_projectdb.stage4_label_mapping
                            serialization.format 1
                            serialization.lib org.apache.hadoop.hive.ql.io.parquet.serde.ParquetHiveSerDe
                          serde: org.apache.hadoop.hive.ql.io.parquet.serde.ParquetHiveSerDe
                          name: team30_projectdb.stage4_label_mapping
                      TotalFiles: 1
                      GatherStats: true
                      MultiFileSpray: false
            Path -> Alias:
              hdfs://hadoop-02.uni.innopolis.ru:8020/tmp/hive/team30/4f283a33-f3db-40bf-aa0a-2bd4e0e843a8/hive_2026-05-10_12-23-13_390_2246681866173960621-1740/dummy_path [_dummy_table]
            Path -> Partition:
              hdfs://hadoop-02.uni.innopolis.ru:8020/tmp/hive/team30/4f283a33-f3db-40bf-aa0a-2bd4e0e843a8/hive_2026-05-10_12-23-13_390_2246681866173960621-1740/dummy_path 
                Partition
                  base file name: dummy_path
                  input format: org.apache.hadoop.hive.ql.io.NullRowsInputFormat
                  output format: org.apache.hadoop.hive.ql.io.HiveIgnoreKeyTextOutputFormat
                  properties:
                    bucket_count -1
                    bucketing_version 2
                    column.name.delimiter ,
                    columns 
                    columns.comments 
                    columns.types 
                    file.inputformat org.apache.hadoop.hive.ql.io.NullRowsInputFormat
                    file.outputformat org.apache.hadoop.hive.ql.io.HiveIgnoreKeyTextOutputFormat
                    location hdfs://hadoop-02.uni.innopolis.ru:8020/tmp/hive/team30/4f283a33-f3db-40bf-aa0a-2bd4e0e843a8/hive_2026-05-10_12-23-13_390_2246681866173960621-1740/dummy_path
                    name _dummy_database._dummy_table
                    serialization.ddl struct _dummy_table { }
                    serialization.format 1
                    serialization.lib org.apache.hadoop.hive.serde2.NullStructSerDe
                  serde: org.apache.hadoop.hive.serde2.NullStructSerDe
                
                    input format: org.apache.hadoop.hive.ql.io.NullRowsInputFormat
                    output format: org.apache.hadoop.hive.ql.io.HiveIgnoreKeyTextOutputFormat
                    properties:
                      bucket_count -1
                      bucketing_version 2
                      column.name.delimiter ,
                      columns 
                      columns.comments 
                      columns.types 
                      file.inputformat org.apache.hadoop.hive.ql.io.NullRowsInputFormat
                      file.outputformat org.apache.hadoop.hive.ql.io.HiveIgnoreKeyTextOutputFormat
                      location hdfs://hadoop-02.uni.innopolis.ru:8020/tmp/hive/team30/4f283a33-f3db-40bf-aa0a-2bd4e0e843a8/hive_2026-05-10_12-23-13_390_2246681866173960621-1740/dummy_path
                      name _dummy_database._dummy_table
                      serialization.ddl struct _dummy_table { }
                      serialization.format 1
                      serialization.lib org.apache.hadoop.hive.serde2.NullStructSerDe
                    serde: org.apache.hadoop.hive.serde2.NullStructSerDe
                    name: _dummy_database._dummy_table
                  name: _dummy_database._dummy_table
            Truncated Path -> Alias:
              hdfs://hadoop-02.uni.innopolis.ru:8020/tmp/hive/team30/4f283a33-f3db-40bf-aa0a-2bd4e0e843a8/hive_2026-05-10_12-23-13_390_2246681866173960621-1740/dummy_path [_dummy_table]
        Map 5 
            Map Operator Tree:
                TableScan
                  alias: _dummy_table
                  Row Limit Per Split: 1
                  Statistics: Num rows: 1 Data size: 10 Basic stats: COMPLETE Column stats: COMPLETE
                  GatherStats: false
                  Select Operator
                    expressions: 3 (type: decimal(1,0)), 'Malicious PartOfAHorizontalPortScan' (type: string)
                    outputColumnNames: _col0, _col1
                    Statistics: Num rows: 1 Data size: 231 Basic stats: COMPLETE Column stats: COMPLETE
                    File Output Operator
                      compressed: false
                      GlobalTableId: 1
                      directory: hdfs://hadoop-02.uni.innopolis.ru:8020/user/team30/project/hive/warehouse/.hive-staging_hive_2026-05-10_12-23-13_390_2246681866173960621-1740/-ext-10002/HIVE_UNION_SUBDIR_4
                      NumFilesPerFileSink: 1
                      Statistics: Num rows: 7 Data size: 1487 Basic stats: COMPLETE Column stats: COMPLETE
                      Stats Publishing Key Prefix: hdfs://hadoop-02.uni.innopolis.ru:8020/user/team30/project/hive/warehouse/.hive-staging_hive_2026-05-10_12-23-13_390_2246681866173960621-1740/-ext-10002/
                      table:
                          input format: org.apache.hadoop.hive.ql.io.parquet.MapredParquetInputFormat
                          output format: org.apache.hadoop.hive.ql.io.parquet.MapredParquetOutputFormat
                          properties:
                            columns label,label_name
                            columns.types decimal(1,0):string
                            name team30_projectdb.stage4_label_mapping
                            serialization.format 1
                            serialization.lib org.apache.hadoop.hive.ql.io.parquet.serde.ParquetHiveSerDe
                          serde: org.apache.hadoop.hive.ql.io.parquet.serde.ParquetHiveSerDe
                          name: team30_projectdb.stage4_label_mapping
                      TotalFiles: 1
                      GatherStats: true
                      MultiFileSpray: false
            Path -> Alias:
              hdfs://hadoop-02.uni.innopolis.ru:8020/tmp/hive/team30/4f283a33-f3db-40bf-aa0a-2bd4e0e843a8/hive_2026-05-10_12-23-13_390_2246681866173960621-1740/dummy_path [_dummy_table]
            Path -> Partition:
              hdfs://hadoop-02.uni.innopolis.ru:8020/tmp/hive/team30/4f283a33-f3db-40bf-aa0a-2bd4e0e843a8/hive_2026-05-10_12-23-13_390_2246681866173960621-1740/dummy_path 
                Partition
                  base file name: dummy_path
                  input format: org.apache.hadoop.hive.ql.io.NullRowsInputFormat
                  output format: org.apache.hadoop.hive.ql.io.HiveIgnoreKeyTextOutputFormat
                  properties:
                    bucket_count -1
                    bucketing_version 2
                    column.name.delimiter ,
                    columns 
                    columns.comments 
                    columns.types 
                    file.inputformat org.apache.hadoop.hive.ql.io.NullRowsInputFormat
                    file.outputformat org.apache.hadoop.hive.ql.io.HiveIgnoreKeyTextOutputFormat
                    location hdfs://hadoop-02.uni.innopolis.ru:8020/tmp/hive/team30/4f283a33-f3db-40bf-aa0a-2bd4e0e843a8/hive_2026-05-10_12-23-13_390_2246681866173960621-1740/dummy_path
                    name _dummy_database._dummy_table
                    serialization.ddl struct _dummy_table { }
                    serialization.format 1
                    serialization.lib org.apache.hadoop.hive.serde2.NullStructSerDe
                  serde: org.apache.hadoop.hive.serde2.NullStructSerDe
                
                    input format: org.apache.hadoop.hive.ql.io.NullRowsInputFormat
                    output format: org.apache.hadoop.hive.ql.io.HiveIgnoreKeyTextOutputFormat
                    properties:
                      bucket_count -1
                      bucketing_version 2
                      column.name.delimiter ,
                      columns 
                      columns.comments 
                      columns.types 
                      file.inputformat org.apache.hadoop.hive.ql.io.NullRowsInputFormat
                      file.outputformat org.apache.hadoop.hive.ql.io.HiveIgnoreKeyTextOutputFormat
                      location hdfs://hadoop-02.uni.innopolis.ru:8020/tmp/hive/team30/4f283a33-f3db-40bf-aa0a-2bd4e0e843a8/hive_2026-05-10_12-23-13_390_2246681866173960621-1740/dummy_path
                      name _dummy_database._dummy_table
                      serialization.ddl struct _dummy_table { }
                      serialization.format 1
                      serialization.lib org.apache.hadoop.hive.serde2.NullStructSerDe
                    serde: org.apache.hadoop.hive.serde2.NullStructSerDe
                    name: _dummy_database._dummy_table
                  name: _dummy_database._dummy_table
            Truncated Path -> Alias:
              hdfs://hadoop-02.uni.innopolis.ru:8020/tmp/hive/team30/4f283a33-f3db-40bf-aa0a-2bd4e0e843a8/hive_2026-05-10_12-23-13_390_2246681866173960621-1740/dummy_path [_dummy_table]
        Map 6 
            Map Operator Tree:
                TableScan
                  alias: _dummy_table
                  Row Limit Per Split: 1
                  Statistics: Num rows: 1 Data size: 10 Basic stats: COMPLETE Column stats: COMPLETE
                  GatherStats: false
                  Select Operator
                    expressions: 4 (type: decimal(1,0)), 'Malicious C&C' (type: string)
                    outputColumnNames: _col0, _col1
                    Statistics: Num rows: 1 Data size: 209 Basic stats: COMPLETE Column stats: COMPLETE
                    File Output Operator
                      compressed: false
                      GlobalTableId: 1
                      directory: hdfs://hadoop-02.uni.innopolis.ru:8020/user/team30/project/hive/warehouse/.hive-staging_hive_2026-05-10_12-23-13_390_2246681866173960621-1740/-ext-10002/HIVE_UNION_SUBDIR_5
                      NumFilesPerFileSink: 1
                      Statistics: Num rows: 7 Data size: 1487 Basic stats: COMPLETE Column stats: COMPLETE
                      Stats Publishing Key Prefix: hdfs://hadoop-02.uni.innopolis.ru:8020/user/team30/project/hive/warehouse/.hive-staging_hive_2026-05-10_12-23-13_390_2246681866173960621-1740/-ext-10002/
                      table:
                          input format: org.apache.hadoop.hive.ql.io.parquet.MapredParquetInputFormat
                          output format: org.apache.hadoop.hive.ql.io.parquet.MapredParquetOutputFormat
                          properties:
                            columns label,label_name
                            columns.types decimal(1,0):string
                            name team30_projectdb.stage4_label_mapping
                            serialization.format 1
                            serialization.lib org.apache.hadoop.hive.ql.io.parquet.serde.ParquetHiveSerDe
                          serde: org.apache.hadoop.hive.ql.io.parquet.serde.ParquetHiveSerDe
                          name: team30_projectdb.stage4_label_mapping
                      TotalFiles: 1
                      GatherStats: true
                      MultiFileSpray: false
            Path -> Alias:
              hdfs://hadoop-02.uni.innopolis.ru:8020/tmp/hive/team30/4f283a33-f3db-40bf-aa0a-2bd4e0e843a8/hive_2026-05-10_12-23-13_390_2246681866173960621-1740/dummy_path [_dummy_table]
            Path -> Partition:
              hdfs://hadoop-02.uni.innopolis.ru:8020/tmp/hive/team30/4f283a33-f3db-40bf-aa0a-2bd4e0e843a8/hive_2026-05-10_12-23-13_390_2246681866173960621-1740/dummy_path 
                Partition
                  base file name: dummy_path
                  input format: org.apache.hadoop.hive.ql.io.NullRowsInputFormat
                  output format: org.apache.hadoop.hive.ql.io.HiveIgnoreKeyTextOutputFormat
                  properties:
                    bucket_count -1
                    bucketing_version 2
                    column.name.delimiter ,
                    columns 
                    columns.comments 
                    columns.types 
                    file.inputformat org.apache.hadoop.hive.ql.io.NullRowsInputFormat
                    file.outputformat org.apache.hadoop.hive.ql.io.HiveIgnoreKeyTextOutputFormat
                    location hdfs://hadoop-02.uni.innopolis.ru:8020/tmp/hive/team30/4f283a33-f3db-40bf-aa0a-2bd4e0e843a8/hive_2026-05-10_12-23-13_390_2246681866173960621-1740/dummy_path
                    name _dummy_database._dummy_table
                    serialization.ddl struct _dummy_table { }
                    serialization.format 1
                    serialization.lib org.apache.hadoop.hive.serde2.NullStructSerDe
                  serde: org.apache.hadoop.hive.serde2.NullStructSerDe
                
                    input format: org.apache.hadoop.hive.ql.io.NullRowsInputFormat
                    output format: org.apache.hadoop.hive.ql.io.HiveIgnoreKeyTextOutputFormat
                    properties:
                      bucket_count -1
                      bucketing_version 2
                      column.name.delimiter ,
                      columns 
                      columns.comments 
                      columns.types 
                      file.inputformat org.apache.hadoop.hive.ql.io.NullRowsInputFormat
                      file.outputformat org.apache.hadoop.hive.ql.io.HiveIgnoreKeyTextOutputFormat
                      location hdfs://hadoop-02.uni.innopolis.ru:8020/tmp/hive/team30/4f283a33-f3db-40bf-aa0a-2bd4e0e843a8/hive_2026-05-10_12-23-13_390_2246681866173960621-1740/dummy_path
                      name _dummy_database._dummy_table
                      serialization.ddl struct _dummy_table { }
                      serialization.format 1
                      serialization.lib org.apache.hadoop.hive.serde2.NullStructSerDe
                    serde: org.apache.hadoop.hive.serde2.NullStructSerDe
                    name: _dummy_database._dummy_table
                  name: _dummy_database._dummy_table
            Truncated Path -> Alias:
              hdfs://hadoop-02.uni.innopolis.ru:8020/tmp/hive/team30/4f283a33-f3db-40bf-aa0a-2bd4e0e843a8/hive_2026-05-10_12-23-13_390_2246681866173960621-1740/dummy_path [_dummy_table]
        Map 7 
            Map Operator Tree:
                TableScan
                  alias: _dummy_table
                  Row Limit Per Split: 1
                  Statistics: Num rows: 1 Data size: 10 Basic stats: COMPLETE Column stats: COMPLETE
                  GatherStats: false
                  Select Operator
                    expressions: 5 (type: decimal(1,0)), 'Malicious Attack' (type: string)
                    outputColumnNames: _col0, _col1
                    Statistics: Num rows: 1 Data size: 212 Basic stats: COMPLETE Column stats: COMPLETE
                    File Output Operator
                      compressed: false
                      GlobalTableId: 1
                      directory: hdfs://hadoop-02.uni.innopolis.ru:8020/user/team30/project/hive/warehouse/.hive-staging_hive_2026-05-10_12-23-13_390_2246681866173960621-1740/-ext-10002/HIVE_UNION_SUBDIR_6
                      NumFilesPerFileSink: 1
                      Statistics: Num rows: 7 Data size: 1487 Basic stats: COMPLETE Column stats: COMPLETE
                      Stats Publishing Key Prefix: hdfs://hadoop-02.uni.innopolis.ru:8020/user/team30/project/hive/warehouse/.hive-staging_hive_2026-05-10_12-23-13_390_2246681866173960621-1740/-ext-10002/
                      table:
                          input format: org.apache.hadoop.hive.ql.io.parquet.MapredParquetInputFormat
                          output format: org.apache.hadoop.hive.ql.io.parquet.MapredParquetOutputFormat
                          properties:
                            columns label,label_name
                            columns.types decimal(1,0):string
                            name team30_projectdb.stage4_label_mapping
                            serialization.format 1
                            serialization.lib org.apache.hadoop.hive.ql.io.parquet.serde.ParquetHiveSerDe
                          serde: org.apache.hadoop.hive.ql.io.parquet.serde.ParquetHiveSerDe
                          name: team30_projectdb.stage4_label_mapping
                      TotalFiles: 1
                      GatherStats: true
                      MultiFileSpray: false
            Path -> Alias:
              hdfs://hadoop-02.uni.innopolis.ru:8020/tmp/hive/team30/4f283a33-f3db-40bf-aa0a-2bd4e0e843a8/hive_2026-05-10_12-23-13_390_2246681866173960621-1740/dummy_path [_dummy_table]
            Path -> Partition:
              hdfs://hadoop-02.uni.innopolis.ru:8020/tmp/hive/team30/4f283a33-f3db-40bf-aa0a-2bd4e0e843a8/hive_2026-05-10_12-23-13_390_2246681866173960621-1740/dummy_path 
                Partition
                  base file name: dummy_path
                  input format: org.apache.hadoop.hive.ql.io.NullRowsInputFormat
                  output format: org.apache.hadoop.hive.ql.io.HiveIgnoreKeyTextOutputFormat
                  properties:
                    bucket_count -1
                    bucketing_version 2
                    column.name.delimiter ,
                    columns 
                    columns.comments 
                    columns.types 
                    file.inputformat org.apache.hadoop.hive.ql.io.NullRowsInputFormat
                    file.outputformat org.apache.hadoop.hive.ql.io.HiveIgnoreKeyTextOutputFormat
                    location hdfs://hadoop-02.uni.innopolis.ru:8020/tmp/hive/team30/4f283a33-f3db-40bf-aa0a-2bd4e0e843a8/hive_2026-05-10_12-23-13_390_2246681866173960621-1740/dummy_path
                    name _dummy_database._dummy_table
                    serialization.ddl struct _dummy_table { }
                    serialization.format 1
                    serialization.lib org.apache.hadoop.hive.serde2.NullStructSerDe
                  serde: org.apache.hadoop.hive.serde2.NullStructSerDe
                
                    input format: org.apache.hadoop.hive.ql.io.NullRowsInputFormat
                    output format: org.apache.hadoop.hive.ql.io.HiveIgnoreKeyTextOutputFormat
                    properties:
                      bucket_count -1
                      bucketing_version 2
                      column.name.delimiter ,
                      columns 
                      columns.comments 
                      columns.types 
                      file.inputformat org.apache.hadoop.hive.ql.io.NullRowsInputFormat
                      file.outputformat org.apache.hadoop.hive.ql.io.HiveIgnoreKeyTextOutputFormat
                      location hdfs://hadoop-02.uni.innopolis.ru:8020/tmp/hive/team30/4f283a33-f3db-40bf-aa0a-2bd4e0e843a8/hive_2026-05-10_12-23-13_390_2246681866173960621-1740/dummy_path
                      name _dummy_database._dummy_table
                      serialization.ddl struct _dummy_table { }
                      serialization.format 1
                      serialization.lib org.apache.hadoop.hive.serde2.NullStructSerDe
                    serde: org.apache.hadoop.hive.serde2.NullStructSerDe
                    name: _dummy_database._dummy_table
                  name: _dummy_database._dummy_table
            Truncated Path -> Alias:
              hdfs://hadoop-02.uni.innopolis.ru:8020/tmp/hive/team30/4f283a33-f3db-40bf-aa0a-2bd4e0e843a8/hive_2026-05-10_12-23-13_390_2246681866173960621-1740/dummy_path [_dummy_table]
        Map 8 
            Map Operator Tree:
                TableScan
                  alias: _dummy_table
                  Row Limit Per Split: 1
                  Statistics: Num rows: 1 Data size: 10 Basic stats: COMPLETE Column stats: COMPLETE
                  GatherStats: false
                  Select Operator
                    expressions: 6 (type: decimal(1,0)), 'Malicious FileDownload' (type: string)
                    outputColumnNames: _col0, _col1
                    Statistics: Num rows: 1 Data size: 218 Basic stats: COMPLETE Column stats: COMPLETE
                    File Output Operator
                      compressed: false
                      GlobalTableId: 1
                      directory: hdfs://hadoop-02.uni.innopolis.ru:8020/user/team30/project/hive/warehouse/.hive-staging_hive_2026-05-10_12-23-13_390_2246681866173960621-1740/-ext-10002/HIVE_UNION_SUBDIR_7
                      NumFilesPerFileSink: 1
                      Statistics: Num rows: 7 Data size: 1487 Basic stats: COMPLETE Column stats: COMPLETE
                      Stats Publishing Key Prefix: hdfs://hadoop-02.uni.innopolis.ru:8020/user/team30/project/hive/warehouse/.hive-staging_hive_2026-05-10_12-23-13_390_2246681866173960621-1740/-ext-10002/
                      table:
                          input format: org.apache.hadoop.hive.ql.io.parquet.MapredParquetInputFormat
                          output format: org.apache.hadoop.hive.ql.io.parquet.MapredParquetOutputFormat
                          properties:
                            columns label,label_name
                            columns.types decimal(1,0):string
                            name team30_projectdb.stage4_label_mapping
                            serialization.format 1
                            serialization.lib org.apache.hadoop.hive.ql.io.parquet.serde.ParquetHiveSerDe
                          serde: org.apache.hadoop.hive.ql.io.parquet.serde.ParquetHiveSerDe
                          name: team30_projectdb.stage4_label_mapping
                      TotalFiles: 1
                      GatherStats: true
                      MultiFileSpray: false
            Path -> Alias:
              hdfs://hadoop-02.uni.innopolis.ru:8020/tmp/hive/team30/4f283a33-f3db-40bf-aa0a-2bd4e0e843a8/hive_2026-05-10_12-23-13_390_2246681866173960621-1740/dummy_path [_dummy_table]
            Path -> Partition:
              hdfs://hadoop-02.uni.innopolis.ru:8020/tmp/hive/team30/4f283a33-f3db-40bf-aa0a-2bd4e0e843a8/hive_2026-05-10_12-23-13_390_2246681866173960621-1740/dummy_path 
                Partition
                  base file name: dummy_path
                  input format: org.apache.hadoop.hive.ql.io.NullRowsInputFormat
                  output format: org.apache.hadoop.hive.ql.io.HiveIgnoreKeyTextOutputFormat
                  properties:
                    bucket_count -1
                    bucketing_version 2
                    column.name.delimiter ,
                    columns 
                    columns.comments 
                    columns.types 
                    file.inputformat org.apache.hadoop.hive.ql.io.NullRowsInputFormat
                    file.outputformat org.apache.hadoop.hive.ql.io.HiveIgnoreKeyTextOutputFormat
                    location hdfs://hadoop-02.uni.innopolis.ru:8020/tmp/hive/team30/4f283a33-f3db-40bf-aa0a-2bd4e0e843a8/hive_2026-05-10_12-23-13_390_2246681866173960621-1740/dummy_path
                    name _dummy_database._dummy_table
                    serialization.ddl struct _dummy_table { }
                    serialization.format 1
                    serialization.lib org.apache.hadoop.hive.serde2.NullStructSerDe
                  serde: org.apache.hadoop.hive.serde2.NullStructSerDe
                
                    input format: org.apache.hadoop.hive.ql.io.NullRowsInputFormat
                    output format: org.apache.hadoop.hive.ql.io.HiveIgnoreKeyTextOutputFormat
                    properties:
                      bucket_count -1
                      bucketing_version 2
                      column.name.delimiter ,
                      columns 
                      columns.comments 
                      columns.types 
                      file.inputformat org.apache.hadoop.hive.ql.io.NullRowsInputFormat
                      file.outputformat org.apache.hadoop.hive.ql.io.HiveIgnoreKeyTextOutputFormat
                      location hdfs://hadoop-02.uni.innopolis.ru:8020/tmp/hive/team30/4f283a33-f3db-40bf-aa0a-2bd4e0e843a8/hive_2026-05-10_12-23-13_390_2246681866173960621-1740/dummy_path
                      name _dummy_database._dummy_table
                      serialization.ddl struct _dummy_table { }
                      serialization.format 1
                      serialization.lib org.apache.hadoop.hive.serde2.NullStructSerDe
                    serde: org.apache.hadoop.hive.serde2.NullStructSerDe
                    name: _dummy_database._dummy_table
                  name: _dummy_database._dummy_table
            Truncated Path -> Alias:
              hdfs://hadoop-02.uni.innopolis.ru:8020/tmp/hive/team30/4f283a33-f3db-40bf-aa0a-2bd4e0e843a8/hive_2026-05-10_12-23-13_390_2246681866173960621-1740/dummy_path [_dummy_table]
        Union 2 
            Vertex: Union 2

  Stage: Stage-2
    Dependency Collection

  Stage: Stage-4
      Create Table Operator:
        Create Table
          columns: label decimal(1,0), label_name string
          input format: org.apache.hadoop.hive.ql.io.parquet.MapredParquetInputFormat
          output format: org.apache.hadoop.hive.ql.io.parquet.MapredParquetOutputFormat
          serde name: org.apache.hadoop.hive.ql.io.parquet.serde.ParquetHiveSerDe
          name: team30_projectdb.stage4_label_mapping

  Stage: Stage-3
    Stats Work
      Basic Stats Work:
          Stats Aggregation Key Prefix: hdfs://hadoop-02.uni.innopolis.ru:8020/user/team30/project/hive/warehouse/.hive-staging_hive_2026-05-10_12-23-13_390_2246681866173960621-1740/-ext-10002/

  Stage: Stage-0
    Move Operator
      files:
          hdfs directory: true
          source: hdfs://hadoop-02.uni.innopolis.ru:8020/user/team30/project/hive/warehouse/.hive-staging_hive_2026-05-10_12-23-13_390_2246681866173960621-1740/-ext-10002
          destination: hdfs://hadoop-02.uni.innopolis.ru:8020/user/team30/project/hive/warehouse/stage4_label_mapping


INFO  : Completed compiling command(queryId=hive_20260510122313_e4e1ea62-449b-4002-8cf1-8ff8218aab47); Time taken: 0.265 seconds
INFO  : Executing command(queryId=hive_20260510122313_e4e1ea62-449b-4002-8cf1-8ff8218aab47): CREATE TABLE stage4_label_mapping
STORED AS PARQUET
AS
SELECT 0.0 AS label, 'Benign' AS label_name
UNION ALL
SELECT 1.0 AS label, 'Malicious' AS label_name
UNION ALL
SELECT 2.0 AS label, 'Malicious DDoS' AS label_name
UNION ALL
SELECT 3.0 AS label, 'Malicious PartOfAHorizontalPortScan' AS label_name
UNION ALL
SELECT 4.0 AS label, 'Malicious C&C' AS label_name
UNION ALL
SELECT 5.0 AS label, 'Malicious Attack' AS label_name
UNION ALL
SELECT 6.0 AS label, 'Malicious FileDownload' AS label_name
INFO  : Query ID = hive_20260510122313_e4e1ea62-449b-4002-8cf1-8ff8218aab47
INFO  : Total jobs = 1
INFO  : Launching Job 1 out of 1
INFO  : Starting task [Stage-1:MAPRED] in serial mode
INFO  : Subscribed to counters: [] for queryId: hive_20260510122313_e4e1ea62-449b-4002-8cf1-8ff8218aab47
INFO  : Session is already open
INFO  : Dag name: CREATE TABLE stage4_label_mappi...label_name (Stage-1)
INFO  : Status: Running (Executing on YARN cluster with App id application_1777989965680_4115)

[2K----------------------------------------------------------------------------------------------
[2K[36;1m        VERTICES      MODE        STATUS  TOTAL  COMPLETED  RUNNING  PENDING  FAILED  KILLED  
[22;0m[2K----------------------------------------------------------------------------------------------
[2KMap 1 .......... container     SUCCEEDED      1          1        0        0       0       0  
Map 3 .......... container     SUCCEEDED      1          1        0        0       0       0  
Map 4 .......... container     SUCCEEDED      1          1        0        0       0       0  
Map 5 .......... container     SUCCEEDED      1          1        0        0       0       0  
Map 6 .......... container     SUCCEEDED      1          1        0        0       0       0  
Map 7 .......... container     SUCCEEDED      1          1        0        0       0       0  
Map 8 .......... container     SUCCEEDED      1          1        0        0       0       0  
[2K----------------------------------------------------------------------------------------------
[2K[31;1mVERTICES: 07/07  [==========================>>] 100%  ELAPSED TIME: 0.86 s     
[22;0m[2K----------------------------------------------------------------------------------------------
INFO  : Starting task [Stage-2:DEPENDENCY_COLLECTION] in serial mode
INFO  : Starting task [Stage-0:MOVE] in serial mode
INFO  : Moving data to directory hdfs://hadoop-02.uni.innopolis.ru:8020/user/team30/project/hive/warehouse/stage4_label_mapping from hdfs://hadoop-02.uni.innopolis.ru:8020/user/team30/project/hive/warehouse/.hive-staging_hive_2026-05-10_12-23-13_390_2246681866173960621-1740/-ext-10002
INFO  : Starting task [Stage-4:DDL] in serial mode
INFO  : Starting task [Stage-3:STATS] in serial mode
INFO  : Completed executing command(queryId=hive_20260510122313_e4e1ea62-449b-4002-8cf1-8ff8218aab47); Time taken: 1.216 seconds
INFO  : OK
No rows affected (1.523 seconds)
INFO  : Compiling command(queryId=hive_20260510122314_2890dbda-7068-41fb-8116-d79c709e28c3): DROP TABLE IF EXISTS stage4_prediction_counts
INFO  : Semantic Analysis Completed (retrial = false)
INFO  : Returning Hive schema: Schema(fieldSchemas:null, properties:null)
INFO  : EXPLAIN output for queryid hive_20260510122314_2890dbda-7068-41fb-8116-d79c709e28c3 : STAGE DEPENDENCIES:
  Stage-0 is a root stage [DDL]

STAGE PLANS:
  Stage: Stage-0
      Drop Table Operator:
        Drop Table
          table: stage4_prediction_counts


INFO  : Completed compiling command(queryId=hive_20260510122314_2890dbda-7068-41fb-8116-d79c709e28c3); Time taken: 0.049 seconds
INFO  : Executing command(queryId=hive_20260510122314_2890dbda-7068-41fb-8116-d79c709e28c3): DROP TABLE IF EXISTS stage4_prediction_counts
INFO  : Starting task [Stage-0:DDL] in serial mode
INFO  : Completed executing command(queryId=hive_20260510122314_2890dbda-7068-41fb-8116-d79c709e28c3); Time taken: 0.071 seconds
INFO  : OK
No rows affected (0.162 seconds)
INFO  : Compiling command(queryId=hive_20260510122315_9cdb5115-468e-40df-a251-74bbd071b519): CREATE TABLE stage4_prediction_counts
STORED AS PARQUET
AS
SELECT
'Random Forest' AS model,
p.label,
actual.label_name AS label_name,
p.prediction,
predicted.label_name AS prediction_name,
COUNT(*) AS row_count
FROM stage3_model1_predictions_ext p
INNER JOIN stage4_label_mapping actual
ON p.label = actual.label
INNER JOIN stage4_label_mapping predicted
ON p.prediction = predicted.label
GROUP BY p.label, actual.label_name, p.prediction, predicted.label_name
UNION ALL
SELECT
'Logistic Regression' AS model,
p.label,
actual.label_name AS label_name,
p.prediction,
predicted.label_name AS prediction_name,
COUNT(*) AS row_count
FROM stage3_model2_predictions_ext p
INNER JOIN stage4_label_mapping actual
ON p.label = actual.label
INNER JOIN stage4_label_mapping predicted
ON p.prediction = predicted.label
GROUP BY p.label, actual.label_name, p.prediction, predicted.label_name
INFO  : No Stats for team30_projectdb@stage3_model1_predictions_ext, Columns: prediction, label
INFO  : No Stats for team30_projectdb@stage4_label_mapping, Columns: label, label_name
INFO  : No Stats for team30_projectdb@stage4_label_mapping, Columns: label, label_name
INFO  : No Stats for team30_projectdb@stage3_model2_predictions_ext, Columns: prediction, label
INFO  : Semantic Analysis Completed (retrial = false)
INFO  : Returning Hive schema: Schema(fieldSchemas:[FieldSchema(name:model, type:string, comment:null), FieldSchema(name:label, type:double, comment:null), FieldSchema(name:label_name, type:string, comment:null), FieldSchema(name:prediction, type:double, comment:null), FieldSchema(name:prediction_name, type:string, comment:null), FieldSchema(name:row_count, type:bigint, comment:null)], properties:null)
INFO  : EXPLAIN output for queryid hive_20260510122315_9cdb5115-468e-40df-a251-74bbd071b519 : STAGE DEPENDENCIES:
  Stage-1 is a root stage [MAPRED]
  Stage-2 depends on stages: Stage-1 [DEPENDENCY_COLLECTION]
  Stage-4 depends on stages: Stage-2, Stage-0 [DDL]
  Stage-3 depends on stages: Stage-4 [STATS]
  Stage-0 depends on stages: Stage-1 [MOVE]

STAGE PLANS:
  Stage: Stage-1
    Tez
      DagId: hive_20260510122315_9cdb5115-468e-40df-a251-74bbd071b519:3872
      Edges:
        Map 1 <- Map 4 (BROADCAST_EDGE), Map 5 (BROADCAST_EDGE)
        Map 6 <- Map 4 (BROADCAST_EDGE), Map 5 (BROADCAST_EDGE)
        Reducer 2 <- Map 1 (SIMPLE_EDGE), Union 3 (CONTAINS)
        Reducer 7 <- Map 6 (SIMPLE_EDGE), Union 3 (CONTAINS)
      DagName: hive_20260510122315_9cdb5115-468e-40df-a251-74bbd071b519:3872
      Vertices:
        Map 1 
            Map Operator Tree:
                TableScan
                  alias: p
                  Statistics: Num rows: 4001686 Data size: 800337216 Basic stats: COMPLETE Column stats: NONE
                  GatherStats: false
                  Filter Operator
                    isSamplingPred: false
                    predicate: (label is not null and prediction is not null) (type: boolean)
                    Statistics: Num rows: 4001686 Data size: 800337216 Basic stats: COMPLETE Column stats: NONE
                    Select Operator
                      expressions: label (type: double), prediction (type: double)
                      outputColumnNames: _col0, _col1
                      Statistics: Num rows: 4001686 Data size: 800337216 Basic stats: COMPLETE Column stats: NONE
                      Map Join Operator
                        condition map:
                             Inner Join 0 to 1
                        Estimated key counts: Map 4 => 7
                        keys:
                          0 _col0 (type: double)
                          1 UDFToDouble(_col0) (type: double)
                        outputColumnNames: _col0, _col1, _col3
                        input vertices:
                          1 Map 4
                        Position of Big Table: 0
                        Statistics: Num rows: 4401854 Data size: 880370956 Basic stats: COMPLETE Column stats: NONE
                        HybridGraceHashJoin: true
                        Map Join Operator
                          condition map:
                               Inner Join 0 to 1
                          Estimated key counts: Map 5 => 7
                          keys:
                            0 _col1 (type: double)
                            1 UDFToDouble(_col0) (type: double)
                          outputColumnNames: _col0, _col1, _col3, _col5
                          input vertices:
                            1 Map 5
                          Position of Big Table: 0
                          Statistics: Num rows: 4842039 Data size: 968408072 Basic stats: COMPLETE Column stats: NONE
                          HybridGraceHashJoin: true
                          Group By Operator
                            aggregations: count()
                            keys: _col0 (type: double), _col1 (type: double), _col3 (type: string), _col5 (type: string)
                            mode: hash
                            outputColumnNames: _col0, _col1, _col2, _col3, _col4
                            Statistics: Num rows: 4842039 Data size: 968408072 Basic stats: COMPLETE Column stats: NONE
                            Reduce Output Operator
                              key expressions: _col0 (type: double), _col1 (type: double), _col2 (type: string), _col3 (type: string)
                              null sort order: aaaa
                              sort order: ++++
                              Map-reduce partition columns: _col0 (type: double), _col1 (type: double), _col2 (type: string), _col3 (type: string)
                              Statistics: Num rows: 4842039 Data size: 968408072 Basic stats: COMPLETE Column stats: NONE
                              tag: -1
                              value expressions: _col4 (type: bigint)
                              auto parallelism: true
            Path -> Alias:
              hdfs://hadoop-02.uni.innopolis.ru:8020/user/team30/project/output/model1_predictions [p]
            Path -> Partition:
              hdfs://hadoop-02.uni.innopolis.ru:8020/user/team30/project/output/model1_predictions 
                Partition
                  base file name: model1_predictions
                  input format: org.apache.hadoop.mapred.TextInputFormat
                  output format: org.apache.hadoop.hive.ql.io.HiveIgnoreKeyTextOutputFormat
                  properties:
                    EXTERNAL TRUE
                    bucket_count -1
                    bucketing_version 2
                    column.name.delimiter ,
                    columns label,prediction
                    columns.comments 
                    columns.types double:double
                    field.delim ,
                    file.inputformat org.apache.hadoop.mapred.TextInputFormat
                    file.outputformat org.apache.hadoop.hive.ql.io.HiveIgnoreKeyTextOutputFormat
                    location hdfs://hadoop-02.uni.innopolis.ru:8020/user/team30/project/output/model1_predictions
                    name team30_projectdb.stage3_model1_predictions_ext
                    numFiles 1
                    serialization.ddl struct stage3_model1_predictions_ext { double label, double prediction}
                    serialization.format ,
                    serialization.lib org.apache.hadoop.hive.serde2.lazy.LazySimpleSerDe
                    skip.header.line.count 1
                    totalSize 80033721
                    transient_lastDdlTime 1778404984
                  serde: org.apache.hadoop.hive.serde2.lazy.LazySimpleSerDe
                
                    input format: org.apache.hadoop.mapred.TextInputFormat
                    output format: org.apache.hadoop.hive.ql.io.HiveIgnoreKeyTextOutputFormat
                    properties:
                      EXTERNAL TRUE
                      bucket_count -1
                      bucketing_version 2
                      column.name.delimiter ,
                      columns label,prediction
                      columns.comments 
                      columns.types double:double
                      field.delim ,
                      file.inputformat org.apache.hadoop.mapred.TextInputFormat
                      file.outputformat org.apache.hadoop.hive.ql.io.HiveIgnoreKeyTextOutputFormat
                      location hdfs://hadoop-02.uni.innopolis.ru:8020/user/team30/project/output/model1_predictions
                      name team30_projectdb.stage3_model1_predictions_ext
                      numFiles 1
                      serialization.ddl struct stage3_model1_predictions_ext { double label, double prediction}
                      serialization.format ,
                      serialization.lib org.apache.hadoop.hive.serde2.lazy.LazySimpleSerDe
                      skip.header.line.count 1
                      totalSize 80033721
                      transient_lastDdlTime 1778404984
                    serde: org.apache.hadoop.hive.serde2.lazy.LazySimpleSerDe
                    name: team30_projectdb.stage3_model1_predictions_ext
                  name: team30_projectdb.stage3_model1_predictions_ext
            Truncated Path -> Alias:
              hdfs://hadoop-02.uni.innopolis.ru:8020/user/team30/project/output/model1_predictions [p]
        Map 4 
            Map Operator Tree:
                TableScan
                  alias: actual
                  Statistics: Num rows: 7 Data size: 14 Basic stats: COMPLETE Column stats: NONE
                  GatherStats: false
                  Filter Operator
                    isSamplingPred: false
                    predicate: UDFToDouble(label) is not null (type: boolean)
                    Statistics: Num rows: 7 Data size: 14 Basic stats: COMPLETE Column stats: NONE
                    Select Operator
                      expressions: label (type: decimal(1,0)), label_name (type: string)
                      outputColumnNames: _col0, _col1
                      Statistics: Num rows: 7 Data size: 14 Basic stats: COMPLETE Column stats: NONE
                      Reduce Output Operator
                        key expressions: UDFToDouble(_col0) (type: double)
                        null sort order: a
                        sort order: +
                        Map-reduce partition columns: UDFToDouble(_col0) (type: double)
                        Statistics: Num rows: 7 Data size: 14 Basic stats: COMPLETE Column stats: NONE
                        tag: 1
                        value expressions: _col1 (type: string)
                        auto parallelism: true
                      Reduce Output Operator
                        key expressions: UDFToDouble(_col0) (type: double)
                        null sort order: a
                        sort order: +
                        Map-reduce partition columns: UDFToDouble(_col0) (type: double)
                        Statistics: Num rows: 7 Data size: 14 Basic stats: COMPLETE Column stats: NONE
                        tag: 1
                        value expressions: _col1 (type: string)
                        auto parallelism: true
            Path -> Alias:
              hdfs://hadoop-02.uni.innopolis.ru:8020/user/team30/project/hive/warehouse/stage4_label_mapping [actual]
            Path -> Partition:
              hdfs://hadoop-02.uni.innopolis.ru:8020/user/team30/project/hive/warehouse/stage4_label_mapping 
                Partition
                  base file name: stage4_label_mapping
                  input format: org.apache.hadoop.hive.ql.io.parquet.MapredParquetInputFormat
                  output format: org.apache.hadoop.hive.ql.io.parquet.MapredParquetOutputFormat
                  properties:
                    COLUMN_STATS_ACCURATE {"BASIC_STATS":"true"}
                    bucket_count -1
                    bucketing_version 2
                    column.name.delimiter ,
                    columns label,label_name
                    columns.comments 
                    columns.types decimal(1,0):string
                    file.inputformat org.apache.hadoop.hive.ql.io.parquet.MapredParquetInputFormat
                    file.outputformat org.apache.hadoop.hive.ql.io.parquet.MapredParquetOutputFormat
                    location hdfs://hadoop-02.uni.innopolis.ru:8020/user/team30/project/hive/warehouse/stage4_label_mapping
                    name team30_projectdb.stage4_label_mapping
                    numFiles 7
                    numRows 7
                    rawDataSize 14
                    serialization.ddl struct stage4_label_mapping { decimal(1,0) label, string label_name}
                    serialization.format 1
                    serialization.lib org.apache.hadoop.hive.ql.io.parquet.serde.ParquetHiveSerDe
                    totalSize 4530
                    transient_lastDdlTime 1778404994
                  serde: org.apache.hadoop.hive.ql.io.parquet.serde.ParquetHiveSerDe
                
                    input format: org.apache.hadoop.hive.ql.io.parquet.MapredParquetInputFormat
                    output format: org.apache.hadoop.hive.ql.io.parquet.MapredParquetOutputFormat
                    properties:
                      COLUMN_STATS_ACCURATE {"BASIC_STATS":"true"}
                      bucket_count -1
                      bucketing_version 2
                      column.name.delimiter ,
                      columns label,label_name
                      columns.comments 
                      columns.types decimal(1,0):string
                      file.inputformat org.apache.hadoop.hive.ql.io.parquet.MapredParquetInputFormat
                      file.outputformat org.apache.hadoop.hive.ql.io.parquet.MapredParquetOutputFormat
                      location hdfs://hadoop-02.uni.innopolis.ru:8020/user/team30/project/hive/warehouse/stage4_label_mapping
                      name team30_projectdb.stage4_label_mapping
                      numFiles 7
                      numRows 7
                      rawDataSize 14
                      serialization.ddl struct stage4_label_mapping { decimal(1,0) label, string label_name}
                      serialization.format 1
                      serialization.lib org.apache.hadoop.hive.ql.io.parquet.serde.ParquetHiveSerDe
                      totalSize 4530
                      transient_lastDdlTime 1778404994
                    serde: org.apache.hadoop.hive.ql.io.parquet.serde.ParquetHiveSerDe
                    name: team30_projectdb.stage4_label_mapping
                  name: team30_projectdb.stage4_label_mapping
            Truncated Path -> Alias:
              hdfs://hadoop-02.uni.innopolis.ru:8020/user/team30/project/hive/warehouse/stage4_label_mapping [actual]
        Map 5 
            Map Operator Tree:
                TableScan
                  alias: predicted
                  Statistics: Num rows: 7 Data size: 14 Basic stats: COMPLETE Column stats: NONE
                  GatherStats: false
                  Filter Operator
                    isSamplingPred: false
                    predicate: UDFToDouble(label) is not null (type: boolean)
                    Statistics: Num rows: 7 Data size: 14 Basic stats: COMPLETE Column stats: NONE
                    Select Operator
                      expressions: label (type: decimal(1,0)), label_name (type: string)
                      outputColumnNames: _col0, _col1
                      Statistics: Num rows: 7 Data size: 14 Basic stats: COMPLETE Column stats: NONE
                      Reduce Output Operator
                        key expressions: UDFToDouble(_col0) (type: double)
                        null sort order: a
                        sort order: +
                        Map-reduce partition columns: UDFToDouble(_col0) (type: double)
                        Statistics: Num rows: 7 Data size: 14 Basic stats: COMPLETE Column stats: NONE
                        tag: 1
                        value expressions: _col1 (type: string)
                        auto parallelism: true
                      Reduce Output Operator
                        key expressions: UDFToDouble(_col0) (type: double)
                        null sort order: a
                        sort order: +
                        Map-reduce partition columns: UDFToDouble(_col0) (type: double)
                        Statistics: Num rows: 7 Data size: 14 Basic stats: COMPLETE Column stats: NONE
                        tag: 1
                        value expressions: _col1 (type: string)
                        auto parallelism: true
            Path -> Alias:
              hdfs://hadoop-02.uni.innopolis.ru:8020/user/team30/project/hive/warehouse/stage4_label_mapping [predicted]
            Path -> Partition:
              hdfs://hadoop-02.uni.innopolis.ru:8020/user/team30/project/hive/warehouse/stage4_label_mapping 
                Partition
                  base file name: stage4_label_mapping
                  input format: org.apache.hadoop.hive.ql.io.parquet.MapredParquetInputFormat
                  output format: org.apache.hadoop.hive.ql.io.parquet.MapredParquetOutputFormat
                  properties:
                    COLUMN_STATS_ACCURATE {"BASIC_STATS":"true"}
                    bucket_count -1
                    bucketing_version 2
                    column.name.delimiter ,
                    columns label,label_name
                    columns.comments 
                    columns.types decimal(1,0):string
                    file.inputformat org.apache.hadoop.hive.ql.io.parquet.MapredParquetInputFormat
                    file.outputformat org.apache.hadoop.hive.ql.io.parquet.MapredParquetOutputFormat
                    location hdfs://hadoop-02.uni.innopolis.ru:8020/user/team30/project/hive/warehouse/stage4_label_mapping
                    name team30_projectdb.stage4_label_mapping
                    numFiles 7
                    numRows 7
                    rawDataSize 14
                    serialization.ddl struct stage4_label_mapping { decimal(1,0) label, string label_name}
                    serialization.format 1
                    serialization.lib org.apache.hadoop.hive.ql.io.parquet.serde.ParquetHiveSerDe
                    totalSize 4530
                    transient_lastDdlTime 1778404994
                  serde: org.apache.hadoop.hive.ql.io.parquet.serde.ParquetHiveSerDe
                
                    input format: org.apache.hadoop.hive.ql.io.parquet.MapredParquetInputFormat
                    output format: org.apache.hadoop.hive.ql.io.parquet.MapredParquetOutputFormat
                    properties:
                      COLUMN_STATS_ACCURATE {"BASIC_STATS":"true"}
                      bucket_count -1
                      bucketing_version 2
                      column.name.delimiter ,
                      columns label,label_name
                      columns.comments 
                      columns.types decimal(1,0):string
                      file.inputformat org.apache.hadoop.hive.ql.io.parquet.MapredParquetInputFormat
                      file.outputformat org.apache.hadoop.hive.ql.io.parquet.MapredParquetOutputFormat
                      location hdfs://hadoop-02.uni.innopolis.ru:8020/user/team30/project/hive/warehouse/stage4_label_mapping
                      name team30_projectdb.stage4_label_mapping
                      numFiles 7
                      numRows 7
                      rawDataSize 14
                      serialization.ddl struct stage4_label_mapping { decimal(1,0) label, string label_name}
                      serialization.format 1
                      serialization.lib org.apache.hadoop.hive.ql.io.parquet.serde.ParquetHiveSerDe
                      totalSize 4530
                      transient_lastDdlTime 1778404994
                    serde: org.apache.hadoop.hive.ql.io.parquet.serde.ParquetHiveSerDe
                    name: team30_projectdb.stage4_label_mapping
                  name: team30_projectdb.stage4_label_mapping
            Truncated Path -> Alias:
              hdfs://hadoop-02.uni.innopolis.ru:8020/user/team30/project/hive/warehouse/stage4_label_mapping [predicted]
        Map 6 
            Map Operator Tree:
                TableScan
                  alias: p
                  Statistics: Num rows: 4001686 Data size: 800337216 Basic stats: COMPLETE Column stats: NONE
                  GatherStats: false
                  Filter Operator
                    isSamplingPred: false
                    predicate: (label is not null and prediction is not null) (type: boolean)
                    Statistics: Num rows: 4001686 Data size: 800337216 Basic stats: COMPLETE Column stats: NONE
                    Select Operator
                      expressions: label (type: double), prediction (type: double)
                      outputColumnNames: _col0, _col1
                      Statistics: Num rows: 4001686 Data size: 800337216 Basic stats: COMPLETE Column stats: NONE
                      Map Join Operator
                        condition map:
                             Inner Join 0 to 1
                        Estimated key counts: Map 4 => 7
                        keys:
                          0 _col0 (type: double)
                          1 UDFToDouble(_col0) (type: double)
                        outputColumnNames: _col0, _col1, _col3
                        input vertices:
                          1 Map 4
                        Position of Big Table: 0
                        Statistics: Num rows: 4401854 Data size: 880370956 Basic stats: COMPLETE Column stats: NONE
                        HybridGraceHashJoin: true
                        Map Join Operator
                          condition map:
                               Inner Join 0 to 1
                          Estimated key counts: Map 5 => 7
                          keys:
                            0 _col1 (type: double)
                            1 UDFToDouble(_col0) (type: double)
                          outputColumnNames: _col0, _col1, _col3, _col5
                          input vertices:
                            1 Map 5
                          Position of Big Table: 0
                          Statistics: Num rows: 4842039 Data size: 968408072 Basic stats: COMPLETE Column stats: NONE
                          HybridGraceHashJoin: true
                          Group By Operator
                            aggregations: count()
                            keys: _col0 (type: double), _col1 (type: double), _col3 (type: string), _col5 (type: string)
                            mode: hash
                            outputColumnNames: _col0, _col1, _col2, _col3, _col4
                            Statistics: Num rows: 4842039 Data size: 968408072 Basic stats: COMPLETE Column stats: NONE
                            Reduce Output Operator
                              key expressions: _col0 (type: double), _col1 (type: double), _col2 (type: string), _col3 (type: string)
                              null sort order: aaaa
                              sort order: ++++
                              Map-reduce partition columns: _col0 (type: double), _col1 (type: double), _col2 (type: string), _col3 (type: string)
                              Statistics: Num rows: 4842039 Data size: 968408072 Basic stats: COMPLETE Column stats: NONE
                              tag: -1
                              value expressions: _col4 (type: bigint)
                              auto parallelism: true
            Path -> Alias:
              hdfs://hadoop-02.uni.innopolis.ru:8020/user/team30/project/output/model2_predictions [p]
            Path -> Partition:
              hdfs://hadoop-02.uni.innopolis.ru:8020/user/team30/project/output/model2_predictions 
                Partition
                  base file name: model2_predictions
                  input format: org.apache.hadoop.mapred.TextInputFormat
                  output format: org.apache.hadoop.hive.ql.io.HiveIgnoreKeyTextOutputFormat
                  properties:
                    EXTERNAL TRUE
                    bucket_count -1
                    bucketing_version 2
                    column.name.delimiter ,
                    columns label,prediction
                    columns.comments 
                    columns.types double:double
                    field.delim ,
                    file.inputformat org.apache.hadoop.mapred.TextInputFormat
                    file.outputformat org.apache.hadoop.hive.ql.io.HiveIgnoreKeyTextOutputFormat
                    location hdfs://hadoop-02.uni.innopolis.ru:8020/user/team30/project/output/model2_predictions
                    name team30_projectdb.stage3_model2_predictions_ext
                    numFiles 1
                    serialization.ddl struct stage3_model2_predictions_ext { double label, double prediction}
                    serialization.format ,
                    serialization.lib org.apache.hadoop.hive.serde2.lazy.LazySimpleSerDe
                    skip.header.line.count 1
                    totalSize 80033721
                    transient_lastDdlTime 1778404984
                  serde: org.apache.hadoop.hive.serde2.lazy.LazySimpleSerDe
                
                    input format: org.apache.hadoop.mapred.TextInputFormat
                    output format: org.apache.hadoop.hive.ql.io.HiveIgnoreKeyTextOutputFormat
                    properties:
                      EXTERNAL TRUE
                      bucket_count -1
                      bucketing_version 2
                      column.name.delimiter ,
                      columns label,prediction
                      columns.comments 
                      columns.types double:double
                      field.delim ,
                      file.inputformat org.apache.hadoop.mapred.TextInputFormat
                      file.outputformat org.apache.hadoop.hive.ql.io.HiveIgnoreKeyTextOutputFormat
                      location hdfs://hadoop-02.uni.innopolis.ru:8020/user/team30/project/output/model2_predictions
                      name team30_projectdb.stage3_model2_predictions_ext
                      numFiles 1
                      serialization.ddl struct stage3_model2_predictions_ext { double label, double prediction}
                      serialization.format ,
                      serialization.lib org.apache.hadoop.hive.serde2.lazy.LazySimpleSerDe
                      skip.header.line.count 1
                      totalSize 80033721
                      transient_lastDdlTime 1778404984
                    serde: org.apache.hadoop.hive.serde2.lazy.LazySimpleSerDe
                    name: team30_projectdb.stage3_model2_predictions_ext
                  name: team30_projectdb.stage3_model2_predictions_ext
            Truncated Path -> Alias:
              hdfs://hadoop-02.uni.innopolis.ru:8020/user/team30/project/output/model2_predictions [p]
        Reducer 2 
            Needs Tagging: false
            Reduce Operator Tree:
              Group By Operator
                aggregations: count(VALUE._col0)
                keys: KEY._col0 (type: double), KEY._col1 (type: double), KEY._col2 (type: string), KEY._col3 (type: string)
                mode: mergepartial
                outputColumnNames: _col0, _col1, _col2, _col3, _col4
                Statistics: Num rows: 2421019 Data size: 484203935 Basic stats: COMPLETE Column stats: NONE
                Select Operator
                  expressions: 'Random Forest' (type: string), _col0 (type: double), _col2 (type: string), _col1 (type: double), _col3 (type: string), _col4 (type: bigint)
                  outputColumnNames: _col0, _col1, _col2, _col3, _col4, _col5
                  Statistics: Num rows: 2421019 Data size: 484203935 Basic stats: COMPLETE Column stats: NONE
                  File Output Operator
                    compressed: false
                    GlobalTableId: 1
                    directory: hdfs://hadoop-02.uni.innopolis.ru:8020/user/team30/project/hive/warehouse/.hive-staging_hive_2026-05-10_12-23-15_297_5823795841985031321-1740/-ext-10002/HIVE_UNION_SUBDIR_1
                    NumFilesPerFileSink: 1
                    Statistics: Num rows: 4842038 Data size: 968407870 Basic stats: COMPLETE Column stats: NONE
                    Stats Publishing Key Prefix: hdfs://hadoop-02.uni.innopolis.ru:8020/user/team30/project/hive/warehouse/.hive-staging_hive_2026-05-10_12-23-15_297_5823795841985031321-1740/-ext-10002/
                    table:
                        input format: org.apache.hadoop.hive.ql.io.parquet.MapredParquetInputFormat
                        output format: org.apache.hadoop.hive.ql.io.parquet.MapredParquetOutputFormat
                        properties:
                          columns model,label,label_name,prediction,prediction_name,row_count
                          columns.types string:double:string:double:string:bigint
                          name team30_projectdb.stage4_prediction_counts
                          serialization.format 1
                          serialization.lib org.apache.hadoop.hive.ql.io.parquet.serde.ParquetHiveSerDe
                        serde: org.apache.hadoop.hive.ql.io.parquet.serde.ParquetHiveSerDe
                        name: team30_projectdb.stage4_prediction_counts
                    TotalFiles: 1
                    GatherStats: true
                    MultiFileSpray: false
        Reducer 7 
            Needs Tagging: false
            Reduce Operator Tree:
              Group By Operator
                aggregations: count(VALUE._col0)
                keys: KEY._col0 (type: double), KEY._col1 (type: double), KEY._col2 (type: string), KEY._col3 (type: string)
                mode: mergepartial
                outputColumnNames: _col0, _col1, _col2, _col3, _col4
                Statistics: Num rows: 2421019 Data size: 484203935 Basic stats: COMPLETE Column stats: NONE
                Select Operator
                  expressions: 'Logistic Regression' (type: string), _col0 (type: double), _col2 (type: string), _col1 (type: double), _col3 (type: string), _col4 (type: bigint)
                  outputColumnNames: _col0, _col1, _col2, _col3, _col4, _col5
                  Statistics: Num rows: 2421019 Data size: 484203935 Basic stats: COMPLETE Column stats: NONE
                  File Output Operator
                    compressed: false
                    GlobalTableId: 1
                    directory: hdfs://hadoop-02.uni.innopolis.ru:8020/user/team30/project/hive/warehouse/.hive-staging_hive_2026-05-10_12-23-15_297_5823795841985031321-1740/-ext-10002/HIVE_UNION_SUBDIR_2
                    NumFilesPerFileSink: 1
                    Statistics: Num rows: 4842038 Data size: 968407870 Basic stats: COMPLETE Column stats: NONE
                    Stats Publishing Key Prefix: hdfs://hadoop-02.uni.innopolis.ru:8020/user/team30/project/hive/warehouse/.hive-staging_hive_2026-05-10_12-23-15_297_5823795841985031321-1740/-ext-10002/
                    table:
                        input format: org.apache.hadoop.hive.ql.io.parquet.MapredParquetInputFormat
                        output format: org.apache.hadoop.hive.ql.io.parquet.MapredParquetOutputFormat
                        properties:
                          columns model,label,label_name,prediction,prediction_name,row_count
                          columns.types string:double:string:double:string:bigint
                          name team30_projectdb.stage4_prediction_counts
                          serialization.format 1
                          serialization.lib org.apache.hadoop.hive.ql.io.parquet.serde.ParquetHiveSerDe
                        serde: org.apache.hadoop.hive.ql.io.parquet.serde.ParquetHiveSerDe
                        name: team30_projectdb.stage4_prediction_counts
                    TotalFiles: 1
                    GatherStats: true
                    MultiFileSpray: false
        Union 3 
            Vertex: Union 3

  Stage: Stage-2
    Dependency Collection

  Stage: Stage-4
      Create Table Operator:
        Create Table
          columns: model string, label double, label_name string, prediction double, prediction_name string, row_count bigint
          input format: org.apache.hadoop.hive.ql.io.parquet.MapredParquetInputFormat
          output format: org.apache.hadoop.hive.ql.io.parquet.MapredParquetOutputFormat
          serde name: org.apache.hadoop.hive.ql.io.parquet.serde.ParquetHiveSerDe
          name: team30_projectdb.stage4_prediction_counts

  Stage: Stage-3
    Stats Work
      Basic Stats Work:
          Stats Aggregation Key Prefix: hdfs://hadoop-02.uni.innopolis.ru:8020/user/team30/project/hive/warehouse/.hive-staging_hive_2026-05-10_12-23-15_297_5823795841985031321-1740/-ext-10002/

  Stage: Stage-0
    Move Operator
      files:
          hdfs directory: true
          source: hdfs://hadoop-02.uni.innopolis.ru:8020/user/team30/project/hive/warehouse/.hive-staging_hive_2026-05-10_12-23-15_297_5823795841985031321-1740/-ext-10002
          destination: hdfs://hadoop-02.uni.innopolis.ru:8020/user/team30/project/hive/warehouse/stage4_prediction_counts


INFO  : Completed compiling command(queryId=hive_20260510122315_9cdb5115-468e-40df-a251-74bbd071b519); Time taken: 0.372 seconds
INFO  : Executing command(queryId=hive_20260510122315_9cdb5115-468e-40df-a251-74bbd071b519): CREATE TABLE stage4_prediction_counts
STORED AS PARQUET
AS
SELECT
'Random Forest' AS model,
p.label,
actual.label_name AS label_name,
p.prediction,
predicted.label_name AS prediction_name,
COUNT(*) AS row_count
FROM stage3_model1_predictions_ext p
INNER JOIN stage4_label_mapping actual
ON p.label = actual.label
INNER JOIN stage4_label_mapping predicted
ON p.prediction = predicted.label
GROUP BY p.label, actual.label_name, p.prediction, predicted.label_name
UNION ALL
SELECT
'Logistic Regression' AS model,
p.label,
actual.label_name AS label_name,
p.prediction,
predicted.label_name AS prediction_name,
COUNT(*) AS row_count
FROM stage3_model2_predictions_ext p
INNER JOIN stage4_label_mapping actual
ON p.label = actual.label
INNER JOIN stage4_label_mapping predicted
ON p.prediction = predicted.label
GROUP BY p.label, actual.label_name, p.prediction, predicted.label_name
INFO  : Query ID = hive_20260510122315_9cdb5115-468e-40df-a251-74bbd071b519
INFO  : Total jobs = 1
INFO  : Launching Job 1 out of 1
INFO  : Starting task [Stage-1:MAPRED] in serial mode
INFO  : Subscribed to counters: [] for queryId: hive_20260510122315_9cdb5115-468e-40df-a251-74bbd071b519
INFO  : Session is already open
INFO  : Dag name: CREATE TABLE stage4_p...predicted.label_name (Stage-1)
INFO  : Setting tez.task.scale.memory.reserve-fraction to 0.30000001192092896
INFO  : Setting tez.task.scale.memory.reserve-fraction to 0.30000001192092896
INFO  : Status: Running (Executing on YARN cluster with App id application_1777989965680_4115)

[2K----------------------------------------------------------------------------------------------
[2K[36;1m        VERTICES      MODE        STATUS  TOTAL  COMPLETED  RUNNING  PENDING  FAILED  KILLED  
[22;0m[2K----------------------------------------------------------------------------------------------
[2KMap 4            container        INITED      1          0        0        1       0       0  
Map 5            container       RUNNING      1          0        1        0       0       0  
Map 1            container        INITED      1          0        0        1       0       0  
Reducer 2        container        INITED      4          0        0        4       0       0  
Map 6            container        INITED      1          0        0        1       0       0  
Reducer 7        container        INITED      4          0        0        4       0       0  
[2K----------------------------------------------------------------------------------------------
[2K[31;1mVERTICES: 00/06  [>>--------------------------] 0%    ELAPSED TIME: 1.20 s     
[22;0m[2K----------------------------------------------------------------------------------------------
[12A[2K----------------------------------------------------------------------------------------------
[2K[36;1m        VERTICES      MODE        STATUS  TOTAL  COMPLETED  RUNNING  PENDING  FAILED  KILLED  
[22;0m[2K----------------------------------------------------------------------------------------------
[2KMap 4            container        INITED      1          0        0        1       0       0  
Map 5 .......... container     SUCCEEDED      1          1        0        0       0       0  
Map 1            container        INITED      1          0        0        1       0       0  
Reducer 2        container        INITED      4          0        0        4       0       0  
Map 6            container        INITED      1          0        0        1       0       0  
Reducer 7        container        INITED      4          0        0        4       0       0  
[2K----------------------------------------------------------------------------------------------
[2K[31;1mVERTICES: 01/06  [==>>------------------------] 8%    ELAPSED TIME: 1.70 s     
[22;0m[2K----------------------------------------------------------------------------------------------
[12A[2K----------------------------------------------------------------------------------------------
[2K[36;1m        VERTICES      MODE        STATUS  TOTAL  COMPLETED  RUNNING  PENDING  FAILED  KILLED  
[22;0m[2K----------------------------------------------------------------------------------------------
[2KMap 4 .......... container     SUCCEEDED      1          1        0        0       0       0  
Map 5 .......... container     SUCCEEDED      1          1        0        0       0       0  
Map 1            container        INITED      1          0        0        1       0       0  
Reducer 2        container        INITED      4          0        0        4       0       0  
Map 6            container        INITED      1          0        0        1       0       0  
Reducer 7        container        INITED      4          0        0        4       0       0  
[2K----------------------------------------------------------------------------------------------
[2K[31;1mVERTICES: 02/06  [====>>----------------------] 16%   ELAPSED TIME: 2.20 s     
[22;0m[2K----------------------------------------------------------------------------------------------
[12A[2K----------------------------------------------------------------------------------------------
[2K[36;1m        VERTICES      MODE        STATUS  TOTAL  COMPLETED  RUNNING  PENDING  FAILED  KILLED  
[22;0m[2K----------------------------------------------------------------------------------------------
[2KMap 4 .......... container     SUCCEEDED      1          1        0        0       0       0  
Map 5 .......... container     SUCCEEDED      1          1        0        0       0       0  
Map 1            container        INITED      1          0        0        1       0       0  
Reducer 2        container        INITED      4          0        0        4       0       0  
Map 6            container        INITED      1          0        0        1       0       0  
Reducer 7        container        INITED      4          0        0        4       0       0  
[2K----------------------------------------------------------------------------------------------
[2K[31;1mVERTICES: 02/06  [====>>----------------------] 16%   ELAPSED TIME: 2.70 s     
[22;0m[2K----------------------------------------------------------------------------------------------
[12A[2K----------------------------------------------------------------------------------------------
[2K[36;1m        VERTICES      MODE        STATUS  TOTAL  COMPLETED  RUNNING  PENDING  FAILED  KILLED  
[22;0m[2K----------------------------------------------------------------------------------------------
[2KMap 4 .......... container     SUCCEEDED      1          1        0        0       0       0  
Map 5 .......... container     SUCCEEDED      1          1        0        0       0       0  
Map 1            container       RUNNING      1          0        1        0       0       0  
Reducer 2        container        INITED      4          0        0        4       0       0  
Map 6            container       RUNNING      1          0        1        0       0       0  
Reducer 7        container        INITED      4          0        0        4       0       0  
[2K----------------------------------------------------------------------------------------------
[2K[31;1mVERTICES: 02/06  [====>>----------------------] 16%   ELAPSED TIME: 3.21 s     
[22;0m[2K----------------------------------------------------------------------------------------------
[12A[2K----------------------------------------------------------------------------------------------
[2K[36;1m        VERTICES      MODE        STATUS  TOTAL  COMPLETED  RUNNING  PENDING  FAILED  KILLED  
[22;0m[2K----------------------------------------------------------------------------------------------
[2KMap 4 .......... container     SUCCEEDED      1          1        0        0       0       0  
Map 5 .......... container     SUCCEEDED      1          1        0        0       0       0  
Map 1            container       RUNNING      1          0        1        0       0       0  
Reducer 2        container        INITED      4          0        0        4       0       0  
Map 6            container       RUNNING      1          0        1        0       0       0  
Reducer 7        container        INITED      4          0        0        4       0       0  
[2K----------------------------------------------------------------------------------------------
[2K[31;1mVERTICES: 02/06  [====>>----------------------] 16%   ELAPSED TIME: 3.71 s     
[22;0m[2K----------------------------------------------------------------------------------------------
[12A[2K----------------------------------------------------------------------------------------------
[2K[36;1m        VERTICES      MODE        STATUS  TOTAL  COMPLETED  RUNNING  PENDING  FAILED  KILLED  
[22;0m[2K----------------------------------------------------------------------------------------------
[2KMap 4 .......... container     SUCCEEDED      1          1        0        0       0       0  
Map 5 .......... container     SUCCEEDED      1          1        0        0       0       0  
Map 1            container       RUNNING      1          0        1        0       0       0  
Reducer 2        container        INITED      4          0        0        4       0       0  
Map 6            container       RUNNING      1          0        1        0       0       0  
Reducer 7        container        INITED      4          0        0        4       0       0  
[2K----------------------------------------------------------------------------------------------
[2K[31;1mVERTICES: 02/06  [====>>----------------------] 16%   ELAPSED TIME: 4.21 s     
[22;0m[2K----------------------------------------------------------------------------------------------
[12A[2K----------------------------------------------------------------------------------------------
[2K[36;1m        VERTICES      MODE        STATUS  TOTAL  COMPLETED  RUNNING  PENDING  FAILED  KILLED  
[22;0m[2K----------------------------------------------------------------------------------------------
[2KMap 4 .......... container     SUCCEEDED      1          1        0        0       0       0  
Map 5 .......... container     SUCCEEDED      1          1        0        0       0       0  
Map 1            container       RUNNING      1          0        1        0       0       0  
Reducer 2        container        INITED      4          0        0        4       0       0  
Map 6            container       RUNNING      1          0        1        0       0       0  
Reducer 7        container        INITED      4          0        0        4       0       0  
[2K----------------------------------------------------------------------------------------------
[2K[31;1mVERTICES: 02/06  [====>>----------------------] 16%   ELAPSED TIME: 4.71 s     
[22;0m[2K----------------------------------------------------------------------------------------------
[12A[2K----------------------------------------------------------------------------------------------
[2K[36;1m        VERTICES      MODE        STATUS  TOTAL  COMPLETED  RUNNING  PENDING  FAILED  KILLED  
[22;0m[2K----------------------------------------------------------------------------------------------
[2KMap 4 .......... container     SUCCEEDED      1          1        0        0       0       0  
Map 5 .......... container     SUCCEEDED      1          1        0        0       0       0  
Map 1            container       RUNNING      1          0        1        0       0       0  
Reducer 2        container        INITED      4          0        0        4       0       0  
Map 6            container       RUNNING      1          0        1        0       0       0  
Reducer 7        container        INITED      4          0        0        4       0       0  
[2K----------------------------------------------------------------------------------------------
[2K[31;1mVERTICES: 02/06  [====>>----------------------] 16%   ELAPSED TIME: 5.22 s     
[22;0m[2K----------------------------------------------------------------------------------------------
[12A[2K----------------------------------------------------------------------------------------------
[2K[36;1m        VERTICES      MODE        STATUS  TOTAL  COMPLETED  RUNNING  PENDING  FAILED  KILLED  
[22;0m[2K----------------------------------------------------------------------------------------------
[2KMap 4 .......... container     SUCCEEDED      1          1        0        0       0       0  
Map 5 .......... container     SUCCEEDED      1          1        0        0       0       0  
Map 1            container       RUNNING      1          0        1        0       0       0  
Reducer 2        container        INITED      4          0        0        4       0       0  
Map 6            container       RUNNING      1          0        1        0       0       0  
Reducer 7        container        INITED      4          0        0        4       0       0  
[2K----------------------------------------------------------------------------------------------
[2K[31;1mVERTICES: 02/06  [====>>----------------------] 16%   ELAPSED TIME: 5.72 s     
[22;0m[2K----------------------------------------------------------------------------------------------
[12A[2K----------------------------------------------------------------------------------------------
[2K[36;1m        VERTICES      MODE        STATUS  TOTAL  COMPLETED  RUNNING  PENDING  FAILED  KILLED  
[22;0m[2K----------------------------------------------------------------------------------------------
[2KMap 4 .......... container     SUCCEEDED      1          1        0        0       0       0  
Map 5 .......... container     SUCCEEDED      1          1        0        0       0       0  
Map 1            container       RUNNING      1          0        1        0       0       0  
Reducer 2        container        INITED      4          0        0        4       0       0  
Map 6            container       RUNNING      1          0        1        0       0       0  
Reducer 7        container        INITED      4          0        0        4       0       0  
[2K----------------------------------------------------------------------------------------------
[2K[31;1mVERTICES: 02/06  [====>>----------------------] 16%   ELAPSED TIME: 6.22 s     
[22;0m[2K----------------------------------------------------------------------------------------------
[12A[2K----------------------------------------------------------------------------------------------
[2K[36;1m        VERTICES      MODE        STATUS  TOTAL  COMPLETED  RUNNING  PENDING  FAILED  KILLED  
[22;0m[2K----------------------------------------------------------------------------------------------
[2KMap 4 .......... container     SUCCEEDED      1          1        0        0       0       0  
Map 5 .......... container     SUCCEEDED      1          1        0        0       0       0  
Map 1            container       RUNNING      1          0        1        0       0       0  
Reducer 2        container        INITED      4          0        0        4       0       0  
Map 6            container       RUNNING      1          0        1        0       0       0  
Reducer 7        container        INITED      4          0        0        4       0       0  
[2K----------------------------------------------------------------------------------------------
[2K[31;1mVERTICES: 02/06  [====>>----------------------] 16%   ELAPSED TIME: 6.72 s     
[22;0m[2K----------------------------------------------------------------------------------------------
[12A[2K----------------------------------------------------------------------------------------------
[2K[36;1m        VERTICES      MODE        STATUS  TOTAL  COMPLETED  RUNNING  PENDING  FAILED  KILLED  
[22;0m[2K----------------------------------------------------------------------------------------------
[2KMap 4 .......... container     SUCCEEDED      1          1        0        0       0       0  
Map 5 .......... container     SUCCEEDED      1          1        0        0       0       0  
Map 1            container       RUNNING      1          0        1        0       0       0  
Reducer 2        container        INITED      4          0        0        4       0       0  
Map 6            container       RUNNING      1          0        1        0       0       0  
Reducer 7        container        INITED      4          0        0        4       0       0  
[2K----------------------------------------------------------------------------------------------
[2K[31;1mVERTICES: 02/06  [====>>----------------------] 16%   ELAPSED TIME: 7.22 s     
[22;0m[2K----------------------------------------------------------------------------------------------
[12A[2K----------------------------------------------------------------------------------------------
[2K[36;1m        VERTICES      MODE        STATUS  TOTAL  COMPLETED  RUNNING  PENDING  FAILED  KILLED  
[22;0m[2K----------------------------------------------------------------------------------------------
[2KMap 4 .......... container     SUCCEEDED      1          1        0        0       0       0  
Map 5 .......... container     SUCCEEDED      1          1        0        0       0       0  
Map 1            container       RUNNING      1          0        1        0       0       0  
Reducer 2        container        INITED      4          0        0        4       0       0  
Map 6            container       RUNNING      1          0        1        0       0       0  
Reducer 7        container        INITED      4          0        0        4       0       0  
[2K----------------------------------------------------------------------------------------------
[2K[31;1mVERTICES: 02/06  [====>>----------------------] 16%   ELAPSED TIME: 7.73 s     
[22;0m[2K----------------------------------------------------------------------------------------------
[12A[2K----------------------------------------------------------------------------------------------
[2K[36;1m        VERTICES      MODE        STATUS  TOTAL  COMPLETED  RUNNING  PENDING  FAILED  KILLED  
[22;0m[2K----------------------------------------------------------------------------------------------
[2KMap 4 .......... container     SUCCEEDED      1          1        0        0       0       0  
Map 5 .......... container     SUCCEEDED      1          1        0        0       0       0  
Map 1            container       RUNNING      1          0        1        0       0       0  
Reducer 2        container        INITED      4          0        0        4       0       0  
Map 6            container       RUNNING      1          0        1        0       0       0  
Reducer 7        container        INITED      4          0        0        4       0       0  
[2K----------------------------------------------------------------------------------------------
[2K[31;1mVERTICES: 02/06  [====>>----------------------] 16%   ELAPSED TIME: 8.23 s     
[22;0m[2K----------------------------------------------------------------------------------------------
[12A[2K----------------------------------------------------------------------------------------------
[2K[36;1m        VERTICES      MODE        STATUS  TOTAL  COMPLETED  RUNNING  PENDING  FAILED  KILLED  
[22;0m[2K----------------------------------------------------------------------------------------------
[2KMap 4 .......... container     SUCCEEDED      1          1        0        0       0       0  
Map 5 .......... container     SUCCEEDED      1          1        0        0       0       0  
Map 1            container       RUNNING      1          0        1        0       0       0  
Reducer 2        container        INITED      4          0        0        4       0       0  
Map 6            container       RUNNING      1          0        1        0       0       0  
Reducer 7        container        INITED      4          0        0        4       0       0  
[2K----------------------------------------------------------------------------------------------
[2K[31;1mVERTICES: 02/06  [====>>----------------------] 16%   ELAPSED TIME: 8.73 s     
[22;0m[2K----------------------------------------------------------------------------------------------
[12A[2K----------------------------------------------------------------------------------------------
[2K[36;1m        VERTICES      MODE        STATUS  TOTAL  COMPLETED  RUNNING  PENDING  FAILED  KILLED  
[22;0m[2K----------------------------------------------------------------------------------------------
[2KMap 4 .......... container     SUCCEEDED      1          1        0        0       0       0  
Map 5 .......... container     SUCCEEDED      1          1        0        0       0       0  
Map 1            container       RUNNING      1          0        1        0       0       0  
Reducer 2        container        INITED      4          0        0        4       0       0  
Map 6            container       RUNNING      1          0        1        0       0       0  
Reducer 7        container        INITED      4          0        0        4       0       0  
[2K----------------------------------------------------------------------------------------------
[2K[31;1mVERTICES: 02/06  [====>>----------------------] 16%   ELAPSED TIME: 9.23 s     
[22;0m[2K----------------------------------------------------------------------------------------------
[12A[2K----------------------------------------------------------------------------------------------
[2K[36;1m        VERTICES      MODE        STATUS  TOTAL  COMPLETED  RUNNING  PENDING  FAILED  KILLED  
[22;0m[2K----------------------------------------------------------------------------------------------
[2KMap 4 .......... container     SUCCEEDED      1          1        0        0       0       0  
Map 5 .......... container     SUCCEEDED      1          1        0        0       0       0  
Map 1            container       RUNNING      1          0        1        0       0       0  
Reducer 2        container        INITED      4          0        0        4       0       0  
Map 6            container       RUNNING      1          0        1        0       0       0  
Reducer 7        container        INITED      4          0        0        4       0       0  
[2K----------------------------------------------------------------------------------------------
[2K[31;1mVERTICES: 02/06  [====>>----------------------] 16%   ELAPSED TIME: 9.73 s     
[22;0m[2K----------------------------------------------------------------------------------------------
[12A[2K----------------------------------------------------------------------------------------------
[2K[36;1m        VERTICES      MODE        STATUS  TOTAL  COMPLETED  RUNNING  PENDING  FAILED  KILLED  
[22;0m[2K----------------------------------------------------------------------------------------------
[2KMap 4 .......... container     SUCCEEDED      1          1        0        0       0       0  
Map 5 .......... container     SUCCEEDED      1          1        0        0       0       0  
Map 1            container       RUNNING      1          0        1        0       0       0  
Reducer 2        container        INITED      4          0        0        4       0       0  
Map 6            container       RUNNING      1          0        1        0       0       0  
Reducer 7        container        INITED      4          0        0        4       0       0  
[2K----------------------------------------------------------------------------------------------
[2K[31;1mVERTICES: 02/06  [====>>----------------------] 16%   ELAPSED TIME: 10.73 s    
[22;0m[2K----------------------------------------------------------------------------------------------
[12A[2K----------------------------------------------------------------------------------------------
[2K[36;1m        VERTICES      MODE        STATUS  TOTAL  COMPLETED  RUNNING  PENDING  FAILED  KILLED  
[22;0m[2K----------------------------------------------------------------------------------------------
[2KMap 4 .......... container     SUCCEEDED      1          1        0        0       0       0  
Map 5 .......... container     SUCCEEDED      1          1        0        0       0       0  
Map 1            container       RUNNING      1          0        1        0       0       0  
Reducer 2        container        INITED      4          0        0        4       0       0  
Map 6            container       RUNNING      1          0        1        0       0       0  
Reducer 7        container        INITED      4          0        0        4       0       0  
[2K----------------------------------------------------------------------------------------------
[2K[31;1mVERTICES: 02/06  [====>>----------------------] 16%   ELAPSED TIME: 11.74 s    
[22;0m[2K----------------------------------------------------------------------------------------------
[12A[2K----------------------------------------------------------------------------------------------
[2K[36;1m        VERTICES      MODE        STATUS  TOTAL  COMPLETED  RUNNING  PENDING  FAILED  KILLED  
[22;0m[2K----------------------------------------------------------------------------------------------
[2KMap 4 .......... container     SUCCEEDED      1          1        0        0       0       0  
Map 5 .......... container     SUCCEEDED      1          1        0        0       0       0  
Map 1            container       RUNNING      1          0        1        0       0       0  
Reducer 2        container        INITED      4          0        0        4       0       0  
Map 6            container       RUNNING      1          0        1        0       0       0  
Reducer 7        container        INITED      4          0        0        4       0       0  
[2K----------------------------------------------------------------------------------------------
[2K[31;1mVERTICES: 02/06  [====>>----------------------] 16%   ELAPSED TIME: 12.74 s    
[22;0m[2K----------------------------------------------------------------------------------------------
[12A[2K----------------------------------------------------------------------------------------------
[2K[36;1m        VERTICES      MODE        STATUS  TOTAL  COMPLETED  RUNNING  PENDING  FAILED  KILLED  
[22;0m[2K----------------------------------------------------------------------------------------------
[2KMap 4 .......... container     SUCCEEDED      1          1        0        0       0       0  
Map 5 .......... container     SUCCEEDED      1          1        0        0       0       0  
Map 1            container       RUNNING      1          0        1        0       0       0  
Reducer 2        container        INITED      4          0        0        4       0       0  
Map 6            container       RUNNING      1          0        1        0       0       0  
Reducer 7        container        INITED      4          0        0        4       0       0  
[2K----------------------------------------------------------------------------------------------
[2K[31;1mVERTICES: 02/06  [====>>----------------------] 16%   ELAPSED TIME: 13.74 s    
[22;0m[2K----------------------------------------------------------------------------------------------
[12A[2K----------------------------------------------------------------------------------------------
[2K[36;1m        VERTICES      MODE        STATUS  TOTAL  COMPLETED  RUNNING  PENDING  FAILED  KILLED  
[22;0m[2K----------------------------------------------------------------------------------------------
[2KMap 4 .......... container     SUCCEEDED      1          1        0        0       0       0  
Map 5 .......... container     SUCCEEDED      1          1        0        0       0       0  
Map 1            container       RUNNING      1          0        1        0       0       0  
Reducer 2        container        INITED      4          0        0        4       0       0  
Map 6            container       RUNNING      1          0        1        0       0       0  
Reducer 7        container        INITED      4          0        0        4       0       0  
[2K----------------------------------------------------------------------------------------------
[2K[31;1mVERTICES: 02/06  [====>>----------------------] 16%   ELAPSED TIME: 14.74 s    
[22;0m[2K----------------------------------------------------------------------------------------------
[12A[2K----------------------------------------------------------------------------------------------
[2K[36;1m        VERTICES      MODE        STATUS  TOTAL  COMPLETED  RUNNING  PENDING  FAILED  KILLED  
[22;0m[2K----------------------------------------------------------------------------------------------
[2KMap 4 .......... container     SUCCEEDED      1          1        0        0       0       0  
Map 5 .......... container     SUCCEEDED      1          1        0        0       0       0  
Map 1            container       RUNNING      1          0        1        0       0       0  
Reducer 2        container        INITED      4          0        0        4       0       0  
Map 6            container       RUNNING      1          0        1        0       0       0  
Reducer 7        container        INITED      4          0        0        4       0       0  
[2K----------------------------------------------------------------------------------------------
[2K[31;1mVERTICES: 02/06  [====>>----------------------] 16%   ELAPSED TIME: 15.75 s    
[22;0m[2K----------------------------------------------------------------------------------------------
[12A[2K----------------------------------------------------------------------------------------------
[2K[36;1m        VERTICES      MODE        STATUS  TOTAL  COMPLETED  RUNNING  PENDING  FAILED  KILLED  
[22;0m[2K----------------------------------------------------------------------------------------------
[2KMap 4 .......... container     SUCCEEDED      1          1        0        0       0       0  
Map 5 .......... container     SUCCEEDED      1          1        0        0       0       0  
Map 1            container       RUNNING      1          0        1        0       0       0  
Reducer 2        container        INITED      4          0        0        4       0       0  
Map 6            container       RUNNING      1          0        1        0       0       0  
Reducer 7        container        INITED      4          0        0        4       0       0  
[2K----------------------------------------------------------------------------------------------
[2K[31;1mVERTICES: 02/06  [====>>----------------------] 16%   ELAPSED TIME: 16.75 s    
[22;0m[2K----------------------------------------------------------------------------------------------
[12A[2K----------------------------------------------------------------------------------------------
[2K[36;1m        VERTICES      MODE        STATUS  TOTAL  COMPLETED  RUNNING  PENDING  FAILED  KILLED  
[22;0m[2K----------------------------------------------------------------------------------------------
[2KMap 4 .......... container     SUCCEEDED      1          1        0        0       0       0  
Map 5 .......... container     SUCCEEDED      1          1        0        0       0       0  
Map 1            container       RUNNING      1          0        1        0       0       0  
Reducer 2        container        INITED      4          0        0        4       0       0  
Map 6            container       RUNNING      1          0        1        0       0       0  
Reducer 7        container        INITED      4          0        0        4       0       0  
[2K----------------------------------------------------------------------------------------------
[2K[31;1mVERTICES: 02/06  [====>>----------------------] 16%   ELAPSED TIME: 17.75 s    
[22;0m[2K----------------------------------------------------------------------------------------------
[12A[2K----------------------------------------------------------------------------------------------
[2K[36;1m        VERTICES      MODE        STATUS  TOTAL  COMPLETED  RUNNING  PENDING  FAILED  KILLED  
[22;0m[2K----------------------------------------------------------------------------------------------
[2KMap 4 .......... container     SUCCEEDED      1          1        0        0       0       0  
Map 5 .......... container     SUCCEEDED      1          1        0        0       0       0  
Map 1            container       RUNNING      1          0        1        0       0       0  
Reducer 2        container        INITED      4          0        0        4       0       0  
Map 6            container       RUNNING      1          0        1        0       0       0  
Reducer 7        container        INITED      4          0        0        4       0       0  
[2K----------------------------------------------------------------------------------------------
[2K[31;1mVERTICES: 02/06  [====>>----------------------] 16%   ELAPSED TIME: 18.75 s    
[22;0m[2K----------------------------------------------------------------------------------------------
[12A[2K----------------------------------------------------------------------------------------------
[2K[36;1m        VERTICES      MODE        STATUS  TOTAL  COMPLETED  RUNNING  PENDING  FAILED  KILLED  
[22;0m[2K----------------------------------------------------------------------------------------------
[2KMap 4 .......... container     SUCCEEDED      1          1        0        0       0       0  
Map 5 .......... container     SUCCEEDED      1          1        0        0       0       0  
Map 1            container       RUNNING      1          0        1        0       0       0  
Reducer 2        container        INITED      4          0        0        4       0       0  
Map 6            container       RUNNING      1          0        1        0       0       0  
Reducer 7        container        INITED      4          0        0        4       0       0  
[2K----------------------------------------------------------------------------------------------
[2K[31;1mVERTICES: 02/06  [====>>----------------------] 16%   ELAPSED TIME: 19.76 s    
[22;0m[2K----------------------------------------------------------------------------------------------
[12A[2K----------------------------------------------------------------------------------------------
[2K[36;1m        VERTICES      MODE        STATUS  TOTAL  COMPLETED  RUNNING  PENDING  FAILED  KILLED  
[22;0m[2K----------------------------------------------------------------------------------------------
[2KMap 4 .......... container     SUCCEEDED      1          1        0        0       0       0  
Map 5 .......... container     SUCCEEDED      1          1        0        0       0       0  
Map 1            container       RUNNING      1          0        1        0       0       0  
Reducer 2        container        INITED      4          0        0        4       0       0  
Map 6            container       RUNNING      1          0        1        0       0       0  
Reducer 7        container        INITED      4          0        0        4       0       0  
[2K----------------------------------------------------------------------------------------------
[2K[31;1mVERTICES: 02/06  [====>>----------------------] 16%   ELAPSED TIME: 21.26 s    
[22;0m[2K----------------------------------------------------------------------------------------------
[12A[2K----------------------------------------------------------------------------------------------
[2K[36;1m        VERTICES      MODE        STATUS  TOTAL  COMPLETED  RUNNING  PENDING  FAILED  KILLED  
[22;0m[2K----------------------------------------------------------------------------------------------
[2KMap 4 .......... container     SUCCEEDED      1          1        0        0       0       0  
Map 5 .......... container     SUCCEEDED      1          1        0        0       0       0  
Map 1            container       RUNNING      1          0        1        0       0       0  
Reducer 2        container        INITED      4          0        0        4       0       0  
Map 6            container       RUNNING      1          0        1        0       0       0  
Reducer 7        container        INITED      4          0        0        4       0       0  
[2K----------------------------------------------------------------------------------------------
[2K[31;1mVERTICES: 02/06  [====>>----------------------] 16%   ELAPSED TIME: 22.76 s    
[22;0m[2K----------------------------------------------------------------------------------------------
[12A[2K----------------------------------------------------------------------------------------------
[2K[36;1m        VERTICES      MODE        STATUS  TOTAL  COMPLETED  RUNNING  PENDING  FAILED  KILLED  
[22;0m[2K----------------------------------------------------------------------------------------------
[2KMap 4 .......... container     SUCCEEDED      1          1        0        0       0       0  
Map 5 .......... container     SUCCEEDED      1          1        0        0       0       0  
Map 1            container       RUNNING      1          0        1        0       0       0  
Reducer 2        container        INITED      4          0        0        4       0       0  
Map 6            container       RUNNING      1          0        1        0       0       0  
Reducer 7        container        INITED      4          0        0        4       0       0  
[2K----------------------------------------------------------------------------------------------
[2K[31;1mVERTICES: 02/06  [====>>----------------------] 16%   ELAPSED TIME: 24.26 s    
[22;0m[2K----------------------------------------------------------------------------------------------
[12A[2K----------------------------------------------------------------------------------------------
[2K[36;1m        VERTICES      MODE        STATUS  TOTAL  COMPLETED  RUNNING  PENDING  FAILED  KILLED  
[22;0m[2K----------------------------------------------------------------------------------------------
[2KMap 4 .......... container     SUCCEEDED      1          1        0        0       0       0  
Map 5 .......... container     SUCCEEDED      1          1        0        0       0       0  
Map 1            container       RUNNING      1          0        1        0       0       0  
Reducer 2        container        INITED      4          0        0        4       0       0  
Map 6            container       RUNNING      1          0        1        0       0       0  
Reducer 7        container        INITED      4          0        0        4       0       0  
[2K----------------------------------------------------------------------------------------------
[2K[31;1mVERTICES: 02/06  [====>>----------------------] 16%   ELAPSED TIME: 25.76 s    
[22;0m[2K----------------------------------------------------------------------------------------------
[12A[2K----------------------------------------------------------------------------------------------
[2K[36;1m        VERTICES      MODE        STATUS  TOTAL  COMPLETED  RUNNING  PENDING  FAILED  KILLED  
[22;0m[2K----------------------------------------------------------------------------------------------
[2KMap 4 .......... container     SUCCEEDED      1          1        0        0       0       0  
Map 5 .......... container     SUCCEEDED      1          1        0        0       0       0  
Map 1            container       RUNNING      1          0        1        0       0       0  
Reducer 2        container        INITED      4          0        0        4       0       0  
Map 6            container       RUNNING      1          0        1        0       0       0  
Reducer 7        container        INITED      4          0        0        4       0       0  
[2K----------------------------------------------------------------------------------------------
[2K[31;1mVERTICES: 02/06  [====>>----------------------] 16%   ELAPSED TIME: 27.39 s    
[22;0m[2K----------------------------------------------------------------------------------------------
[12A[2K----------------------------------------------------------------------------------------------
[2K[36;1m        VERTICES      MODE        STATUS  TOTAL  COMPLETED  RUNNING  PENDING  FAILED  KILLED  
[22;0m[2K----------------------------------------------------------------------------------------------
[2KMap 4 .......... container     SUCCEEDED      1          1        0        0       0       0  
Map 5 .......... container     SUCCEEDED      1          1        0        0       0       0  
Map 1            container       RUNNING      1          0        1        0       0       0  
Reducer 2        container        INITED      4          0        0        4       0       0  
Map 6            container       RUNNING      1          0        1        0       0       0  
Reducer 7        container        INITED      4          0        0        4       0       0  
[2K----------------------------------------------------------------------------------------------
[2K[31;1mVERTICES: 02/06  [====>>----------------------] 16%   ELAPSED TIME: 28.89 s    
[22;0m[2K----------------------------------------------------------------------------------------------
[12A[2K----------------------------------------------------------------------------------------------
[2K[36;1m        VERTICES      MODE        STATUS  TOTAL  COMPLETED  RUNNING  PENDING  FAILED  KILLED  
[22;0m[2K----------------------------------------------------------------------------------------------
[2KMap 4 .......... container     SUCCEEDED      1          1        0        0       0       0  
Map 5 .......... container     SUCCEEDED      1          1        0        0       0       0  
Map 1            container       RUNNING      1          0        1        0       0       0  
Reducer 2        container        INITED      4          0        0        4       0       0  
Map 6            container       RUNNING      1          0        1        0       0       0  
Reducer 7        container        INITED      4          0        0        4       0       0  
[2K----------------------------------------------------------------------------------------------
[2K[31;1mVERTICES: 02/06  [====>>----------------------] 16%   ELAPSED TIME: 30.39 s    
[22;0m[2K----------------------------------------------------------------------------------------------
[12A[2K----------------------------------------------------------------------------------------------
[2K[36;1m        VERTICES      MODE        STATUS  TOTAL  COMPLETED  RUNNING  PENDING  FAILED  KILLED  
[22;0m[2K----------------------------------------------------------------------------------------------
[2KMap 4 .......... container     SUCCEEDED      1          1        0        0       0       0  
Map 5 .......... container     SUCCEEDED      1          1        0        0       0       0  
Map 1            container       RUNNING      1          0        1        0       0       0  
Reducer 2        container        INITED      4          0        0        4       0       0  
Map 6            container       RUNNING      1          0        1        0       0       0  
Reducer 7        container        INITED      4          0        0        4       0       0  
[2K----------------------------------------------------------------------------------------------
[2K[31;1mVERTICES: 02/06  [====>>----------------------] 16%   ELAPSED TIME: 33.67 s    
[22;0m[2K----------------------------------------------------------------------------------------------
[12A[2K----------------------------------------------------------------------------------------------
[2K[36;1m        VERTICES      MODE        STATUS  TOTAL  COMPLETED  RUNNING  PENDING  FAILED  KILLED  
[22;0m[2K----------------------------------------------------------------------------------------------
[2KMap 4 .......... container     SUCCEEDED      1          1        0        0       0       0  
Map 5 .......... container     SUCCEEDED      1          1        0        0       0       0  
Map 1            container       RUNNING      1          0        1        0       0       0  
Reducer 2        container        INITED      4          0        0        4       0       0  
Map 6            container       RUNNING      1          0        1        0       0       0  
Reducer 7        container        INITED      4          0        0        4       0       0  
[2K----------------------------------------------------------------------------------------------
[2K[31;1mVERTICES: 02/06  [====>>----------------------] 16%   ELAPSED TIME: 35.67 s    
[22;0m[2K----------------------------------------------------------------------------------------------
[12A[2K----------------------------------------------------------------------------------------------
[2K[36;1m        VERTICES      MODE        STATUS  TOTAL  COMPLETED  RUNNING  PENDING  FAILED  KILLED  
[22;0m[2K----------------------------------------------------------------------------------------------
[2KMap 4 .......... container     SUCCEEDED      1          1        0        0       0       0  
Map 5 .......... container     SUCCEEDED      1          1        0        0       0       0  
Map 1            container       RUNNING      1          0        1        0       0       0  
Reducer 2        container        INITED      4          0        0        4       0       0  
Map 6            container       RUNNING      1          0        1        0       0       0  
Reducer 7        container        INITED      4          0        0        4       0       0  
[2K----------------------------------------------------------------------------------------------
[2K[31;1mVERTICES: 02/06  [====>>----------------------] 16%   ELAPSED TIME: 37.67 s    
[22;0m[2K----------------------------------------------------------------------------------------------
[12A[2K----------------------------------------------------------------------------------------------
[2K[36;1m        VERTICES      MODE        STATUS  TOTAL  COMPLETED  RUNNING  PENDING  FAILED  KILLED  
[22;0m[2K----------------------------------------------------------------------------------------------
[2KMap 4 .......... container     SUCCEEDED      1          1        0        0       0       0  
Map 5 .......... container     SUCCEEDED      1          1        0        0       0       0  
Map 1            container       RUNNING      1          0        1        0       0       0  
Reducer 2        container        INITED      4          0        0        4       0       0  
Map 6            container       RUNNING      1          0        1        0       0       0  
Reducer 7        container        INITED      4          0        0        4       0       0  
[2K----------------------------------------------------------------------------------------------
[2K[31;1mVERTICES: 02/06  [====>>----------------------] 16%   ELAPSED TIME: 39.67 s    
[22;0m[2K----------------------------------------------------------------------------------------------
[12A[2K----------------------------------------------------------------------------------------------
[2K[36;1m        VERTICES      MODE        STATUS  TOTAL  COMPLETED  RUNNING  PENDING  FAILED  KILLED  
[22;0m[2K----------------------------------------------------------------------------------------------
[2KMap 4 .......... container     SUCCEEDED      1          1        0        0       0       0  
Map 5 .......... container     SUCCEEDED      1          1        0        0       0       0  
Map 1            container       RUNNING      1          0        1        0       0       0  
Reducer 2        container        INITED      4          0        0        4       0       0  
Map 6            container       RUNNING      1          0        1        0       0       0  
Reducer 7        container        INITED      4          0        0        4       0       0  
[2K----------------------------------------------------------------------------------------------
[2K[31;1mVERTICES: 02/06  [====>>----------------------] 16%   ELAPSED TIME: 42.17 s    
[22;0m[2K----------------------------------------------------------------------------------------------
[12A[2K----------------------------------------------------------------------------------------------
[2K[36;1m        VERTICES      MODE        STATUS  TOTAL  COMPLETED  RUNNING  PENDING  FAILED  KILLED  
[22;0m[2K----------------------------------------------------------------------------------------------
[2KMap 4 .......... container     SUCCEEDED      1          1        0        0       0       0  
Map 5 .......... container     SUCCEEDED      1          1        0        0       0       0  
Map 1            container       RUNNING      1          0        1        0       0       0  
Reducer 2        container        INITED      4          0        0        4       0       0  
Map 6            container       RUNNING      1          0        1        0       0       0  
Reducer 7        container        INITED      4          0        0        4       0       0  
[2K----------------------------------------------------------------------------------------------
[2K[31;1mVERTICES: 02/06  [====>>----------------------] 16%   ELAPSED TIME: 44.68 s    
[22;0m[2K----------------------------------------------------------------------------------------------
[12A[2K----------------------------------------------------------------------------------------------
[2K[36;1m        VERTICES      MODE        STATUS  TOTAL  COMPLETED  RUNNING  PENDING  FAILED  KILLED  
[22;0m[2K----------------------------------------------------------------------------------------------
[2KMap 4 .......... container     SUCCEEDED      1          1        0        0       0       0  
Map 5 .......... container     SUCCEEDED      1          1        0        0       0       0  
Map 1            container       RUNNING      1          0        1        0       0       0  
Reducer 2        container        INITED      4          0        0        4       0       0  
Map 6            container       RUNNING      1          0        1        0       0       0  
Reducer 7        container        INITED      4          0        0        4       0       0  
[2K----------------------------------------------------------------------------------------------
[2K[31;1mVERTICES: 02/06  [====>>----------------------] 16%   ELAPSED TIME: 47.18 s    
[22;0m[2K----------------------------------------------------------------------------------------------
[12A[2K----------------------------------------------------------------------------------------------
[2K[36;1m        VERTICES      MODE        STATUS  TOTAL  COMPLETED  RUNNING  PENDING  FAILED  KILLED  
[22;0m[2K----------------------------------------------------------------------------------------------
[2KMap 4 .......... container     SUCCEEDED      1          1        0        0       0       0  
Map 5 .......... container     SUCCEEDED      1          1        0        0       0       0  
Map 1            container       RUNNING      1          0        1        0       0       0  
Reducer 2        container        INITED      4          0        0        4       0       0  
Map 6            container       RUNNING      1          0        1        0       0       0  
Reducer 7        container        INITED      4          0        0        4       0       0  
[2K----------------------------------------------------------------------------------------------
[2K[31;1mVERTICES: 02/06  [====>>----------------------] 16%   ELAPSED TIME: 49.68 s    
[22;0m[2K----------------------------------------------------------------------------------------------
[12A[2K----------------------------------------------------------------------------------------------
[2K[36;1m        VERTICES      MODE        STATUS  TOTAL  COMPLETED  RUNNING  PENDING  FAILED  KILLED  
[22;0m[2K----------------------------------------------------------------------------------------------
[2KMap 4 .......... container     SUCCEEDED      1          1        0        0       0       0  
Map 5 .......... container     SUCCEEDED      1          1        0        0       0       0  
Map 1            container       RUNNING      1          0        1        0       0       0  
Reducer 2        container        INITED      4          0        0        4       0       0  
Map 6            container       RUNNING      1          0        1        0       0       0  
Reducer 7        container        INITED      4          0        0        4       0       0  
[2K----------------------------------------------------------------------------------------------
[2K[31;1mVERTICES: 02/06  [====>>----------------------] 16%   ELAPSED TIME: 52.68 s    
[22;0m[2K----------------------------------------------------------------------------------------------
[12A[2K----------------------------------------------------------------------------------------------
[2K[36;1m        VERTICES      MODE        STATUS  TOTAL  COMPLETED  RUNNING  PENDING  FAILED  KILLED  
[22;0m[2K----------------------------------------------------------------------------------------------
[2KMap 4 .......... container     SUCCEEDED      1          1        0        0       0       0  
Map 5 .......... container     SUCCEEDED      1          1        0        0       0       0  
Map 1            container       RUNNING      1          0        1        0       0       0  
Reducer 2        container        INITED      4          0        0        4       0       0  
Map 6            container       RUNNING      1          0        1        0       0       0  
Reducer 7        container        INITED      4          0        0        4       0       0  
[2K----------------------------------------------------------------------------------------------
[2K[31;1mVERTICES: 02/06  [====>>----------------------] 16%   ELAPSED TIME: 55.68 s    
[22;0m[2K----------------------------------------------------------------------------------------------
[12A[2K----------------------------------------------------------------------------------------------
[2K[36;1m        VERTICES      MODE        STATUS  TOTAL  COMPLETED  RUNNING  PENDING  FAILED  KILLED  
[22;0m[2K----------------------------------------------------------------------------------------------
[2KMap 4 .......... container     SUCCEEDED      1          1        0        0       0       0  
Map 5 .......... container     SUCCEEDED      1          1        0        0       0       0  
Map 1            container       RUNNING      1          0        1        0       0       0  
Reducer 2        container        INITED      4          0        0        4       0       0  
Map 6            container       RUNNING      1          0        1        0       0       0  
Reducer 7        container        INITED      4          0        0        4       0       0  
[2K----------------------------------------------------------------------------------------------
[2K[31;1mVERTICES: 02/06  [====>>----------------------] 16%   ELAPSED TIME: 58.69 s    
[22;0m[2K----------------------------------------------------------------------------------------------
[12A[2K----------------------------------------------------------------------------------------------
[2K[36;1m        VERTICES      MODE        STATUS  TOTAL  COMPLETED  RUNNING  PENDING  FAILED  KILLED  
[22;0m[2K----------------------------------------------------------------------------------------------
[2KMap 4 .......... container     SUCCEEDED      1          1        0        0       0       0  
Map 5 .......... container     SUCCEEDED      1          1        0        0       0       0  
Map 1            container       RUNNING      1          0        1        0       0       0  
Reducer 2        container        INITED      4          0        0        4       0       0  
Map 6            container       RUNNING      1          0        1        0       0       0  
Reducer 7        container        INITED      4          0        0        4       0       0  
[2K----------------------------------------------------------------------------------------------
[2K[31;1mVERTICES: 02/06  [====>>----------------------] 16%   ELAPSED TIME: 61.69 s    
[22;0m[2K----------------------------------------------------------------------------------------------
[12A[2K----------------------------------------------------------------------------------------------
[2K[36;1m        VERTICES      MODE        STATUS  TOTAL  COMPLETED  RUNNING  PENDING  FAILED  KILLED  
[22;0m[2K----------------------------------------------------------------------------------------------
[2KMap 4 .......... container     SUCCEEDED      1          1        0        0       0       0  
Map 5 .......... container     SUCCEEDED      1          1        0        0       0       0  
Map 1            container       RUNNING      1          0        1        0       0       0  
Reducer 2        container        INITED      4          0        0        4       0       0  
Map 6            container       RUNNING      1          0        1        0       0       0  
Reducer 7        container        INITED      4          0        0        4       0       0  
[2K----------------------------------------------------------------------------------------------
[2K[31;1mVERTICES: 02/06  [====>>----------------------] 16%   ELAPSED TIME: 65.19 s    
[22;0m[2K----------------------------------------------------------------------------------------------
[12A[2K----------------------------------------------------------------------------------------------
[2K[36;1m        VERTICES      MODE        STATUS  TOTAL  COMPLETED  RUNNING  PENDING  FAILED  KILLED  
[22;0m[2K----------------------------------------------------------------------------------------------
[2KMap 4 .......... container     SUCCEEDED      1          1        0        0       0       0  
Map 5 .......... container     SUCCEEDED      1          1        0        0       0       0  
Map 1            container       RUNNING      1          0        1        0       0       0  
Reducer 2        container        INITED      4          0        0        4       0       0  
Map 6            container       RUNNING      1          0        1        0       0       0  
Reducer 7        container        INITED      4          0        0        4       0       0  
[2K----------------------------------------------------------------------------------------------
[2K[31;1mVERTICES: 02/06  [====>>----------------------] 16%   ELAPSED TIME: 68.69 s    
[22;0m[2K----------------------------------------------------------------------------------------------
[12A[2K----------------------------------------------------------------------------------------------
[2K[36;1m        VERTICES      MODE        STATUS  TOTAL  COMPLETED  RUNNING  PENDING  FAILED  KILLED  
[22;0m[2K----------------------------------------------------------------------------------------------
[2KMap 4 .......... container     SUCCEEDED      1          1        0        0       0       0  
Map 5 .......... container     SUCCEEDED      1          1        0        0       0       0  
Map 1            container       RUNNING      1          0        1        0       0       0  
Reducer 2        container        INITED      4          0        0        4       0       0  
Map 6            container       RUNNING      1          0        1        0       0       0  
Reducer 7        container        INITED      4          0        0        4       0       0  
[2K----------------------------------------------------------------------------------------------
[2K[31;1mVERTICES: 02/06  [====>>----------------------] 16%   ELAPSED TIME: 72.19 s    
[22;0m[2K----------------------------------------------------------------------------------------------
[12A[2K----------------------------------------------------------------------------------------------
[2K[36;1m        VERTICES      MODE        STATUS  TOTAL  COMPLETED  RUNNING  PENDING  FAILED  KILLED  
[22;0m[2K----------------------------------------------------------------------------------------------
[2KMap 4 .......... container     SUCCEEDED      1          1        0        0       0       0  
Map 5 .......... container     SUCCEEDED      1          1        0        0       0       0  
Map 1            container       RUNNING      1          0        1        0       0       0  
Reducer 2        container        INITED      4          0        0        4       0       0  
Map 6            container       RUNNING      1          0        1        0       0       0  
Reducer 7        container        INITED      4          0        0        4       0       0  
[2K----------------------------------------------------------------------------------------------
[2K[31;1mVERTICES: 02/06  [====>>----------------------] 16%   ELAPSED TIME: 76.20 s    
[22;0m[2K----------------------------------------------------------------------------------------------
[12A[2K----------------------------------------------------------------------------------------------
[2K[36;1m        VERTICES      MODE        STATUS  TOTAL  COMPLETED  RUNNING  PENDING  FAILED  KILLED  
[22;0m[2K----------------------------------------------------------------------------------------------
[2KMap 4 .......... container     SUCCEEDED      1          1        0        0       0       0  
Map 5 .......... container     SUCCEEDED      1          1        0        0       0       0  
Map 1            container       RUNNING      1          0        1        0       0       0  
Reducer 2        container        INITED      4          0        0        4       0       0  
Map 6            container       RUNNING      1          0        1        0       0       0  
Reducer 7        container        INITED      4          0        0        4       0       0  
[2K----------------------------------------------------------------------------------------------
[2K[31;1mVERTICES: 02/06  [====>>----------------------] 16%   ELAPSED TIME: 80.20 s    
[22;0m[2K----------------------------------------------------------------------------------------------
[12A[2K----------------------------------------------------------------------------------------------
[2K[36;1m        VERTICES      MODE        STATUS  TOTAL  COMPLETED  RUNNING  PENDING  FAILED  KILLED  
[22;0m[2K----------------------------------------------------------------------------------------------
[2KMap 4 .......... container     SUCCEEDED      1          1        0        0       0       0  
Map 5 .......... container     SUCCEEDED      1          1        0        0       0       0  
Map 1 .......... container     SUCCEEDED      1          1        0        0       0       0  
Reducer 2 ...... container     SUCCEEDED      4          4        0        0       0       0  
Map 6 .......... container     SUCCEEDED      1          1        0        0       0       0  
Reducer 7 ...... container     SUCCEEDED      4          4        0        0       0       0  
[2K----------------------------------------------------------------------------------------------
[2K[31;1mVERTICES: 06/06  [==========================>>] 100%  ELAPSED TIME: 82.14 s    
[22;0m[2K----------------------------------------------------------------------------------------------
INFO  : Starting task [Stage-2:DEPENDENCY_COLLECTION] in serial mode
INFO  : Starting task [Stage-0:MOVE] in serial mode
INFO  : Moving data to directory hdfs://hadoop-02.uni.innopolis.ru:8020/user/team30/project/hive/warehouse/stage4_prediction_counts from hdfs://hadoop-02.uni.innopolis.ru:8020/user/team30/project/hive/warehouse/.hive-staging_hive_2026-05-10_12-23-15_297_5823795841985031321-1740/-ext-10002
INFO  : Starting task [Stage-4:DDL] in serial mode
INFO  : Starting task [Stage-3:STATS] in serial mode
INFO  : Completed executing command(queryId=hive_20260510122315_9cdb5115-468e-40df-a251-74bbd071b519); Time taken: 82.427 seconds
INFO  : OK
No rows affected (82.832 seconds)
INFO  : Compiling command(queryId=hive_20260510122438_5080cc6f-d372-45de-8c6f-1a15169a6ee8): DROP TABLE IF EXISTS stage4_prediction_distribution
INFO  : Semantic Analysis Completed (retrial = false)
INFO  : Returning Hive schema: Schema(fieldSchemas:null, properties:null)
INFO  : EXPLAIN output for queryid hive_20260510122438_5080cc6f-d372-45de-8c6f-1a15169a6ee8 : STAGE DEPENDENCIES:
  Stage-0 is a root stage [DDL]

STAGE PLANS:
  Stage: Stage-0
      Drop Table Operator:
        Drop Table
          table: stage4_prediction_distribution


INFO  : Completed compiling command(queryId=hive_20260510122438_5080cc6f-d372-45de-8c6f-1a15169a6ee8); Time taken: 0.036 seconds
INFO  : Executing command(queryId=hive_20260510122438_5080cc6f-d372-45de-8c6f-1a15169a6ee8): DROP TABLE IF EXISTS stage4_prediction_distribution
INFO  : Starting task [Stage-0:DDL] in serial mode
INFO  : Completed executing command(queryId=hive_20260510122438_5080cc6f-d372-45de-8c6f-1a15169a6ee8); Time taken: 0.05 seconds
INFO  : OK
No rows affected (0.114 seconds)
INFO  : Compiling command(queryId=hive_20260510122438_2e81c449-1af9-42c5-a787-e0927b7bd5d5): CREATE TABLE stage4_prediction_distribution
STORED AS PARQUET
AS
SELECT
model,
prediction,
prediction_name,
SUM(row_count) AS row_count
FROM stage4_prediction_counts
GROUP BY model, prediction, prediction_name
INFO  : Semantic Analysis Completed (retrial = false)
INFO  : Returning Hive schema: Schema(fieldSchemas:[FieldSchema(name:model, type:string, comment:null), FieldSchema(name:prediction, type:double, comment:null), FieldSchema(name:prediction_name, type:string, comment:null), FieldSchema(name:row_count, type:bigint, comment:null)], properties:null)
INFO  : EXPLAIN output for queryid hive_20260510122438_2e81c449-1af9-42c5-a787-e0927b7bd5d5 : STAGE DEPENDENCIES:
  Stage-1 is a root stage [MAPRED]
  Stage-2 depends on stages: Stage-1 [DEPENDENCY_COLLECTION]
  Stage-4 depends on stages: Stage-2, Stage-0 [DDL]
  Stage-3 depends on stages: Stage-4 [STATS]
  Stage-0 depends on stages: Stage-1 [MOVE]

STAGE PLANS:
  Stage: Stage-1
    Tez
      DagId: hive_20260510122438_2e81c449-1af9-42c5-a787-e0927b7bd5d5:3875
      Edges:
        Reducer 2 <- Map 1 (SIMPLE_EDGE)
      DagName: hive_20260510122438_2e81c449-1af9-42c5-a787-e0927b7bd5d5:3875
      Vertices:
        Map 1 
            Map Operator Tree:
                TableScan
                  alias: stage4_prediction_counts
                  Statistics: Num rows: 36 Data size: 216 Basic stats: COMPLETE Column stats: NONE
                  GatherStats: false
                  Select Operator
                    expressions: model (type: string), prediction (type: double), prediction_name (type: string), row_count (type: bigint)
                    outputColumnNames: model, prediction, prediction_name, row_count
                    Statistics: Num rows: 36 Data size: 216 Basic stats: COMPLETE Column stats: NONE
                    Group By Operator
                      aggregations: sum(row_count)
                      keys: model (type: string), prediction (type: double), prediction_name (type: string)
                      mode: hash
                      outputColumnNames: _col0, _col1, _col2, _col3
                      Statistics: Num rows: 36 Data size: 216 Basic stats: COMPLETE Column stats: NONE
                      Reduce Output Operator
                        key expressions: _col0 (type: string), _col1 (type: double), _col2 (type: string)
                        null sort order: aaa
                        sort order: +++
                        Map-reduce partition columns: _col0 (type: string), _col1 (type: double), _col2 (type: string)
                        Statistics: Num rows: 36 Data size: 216 Basic stats: COMPLETE Column stats: NONE
                        tag: -1
                        value expressions: _col3 (type: bigint)
                        auto parallelism: true
            Path -> Alias:
              hdfs://hadoop-02.uni.innopolis.ru:8020/user/team30/project/hive/warehouse/stage4_prediction_counts [stage4_prediction_counts]
            Path -> Partition:
              hdfs://hadoop-02.uni.innopolis.ru:8020/user/team30/project/hive/warehouse/stage4_prediction_counts 
                Partition
                  base file name: stage4_prediction_counts
                  input format: org.apache.hadoop.hive.ql.io.parquet.MapredParquetInputFormat
                  output format: org.apache.hadoop.hive.ql.io.parquet.MapredParquetOutputFormat
                  properties:
                    COLUMN_STATS_ACCURATE {"BASIC_STATS":"true"}
                    bucket_count -1
                    bucketing_version 2
                    column.name.delimiter ,
                    columns model,label,label_name,prediction,prediction_name,row_count
                    columns.comments 
                    columns.types string:double:string:double:string:bigint
                    file.inputformat org.apache.hadoop.hive.ql.io.parquet.MapredParquetInputFormat
                    file.outputformat org.apache.hadoop.hive.ql.io.parquet.MapredParquetOutputFormat
                    location hdfs://hadoop-02.uni.innopolis.ru:8020/user/team30/project/hive/warehouse/stage4_prediction_counts
                    name team30_projectdb.stage4_prediction_counts
                    numFiles 8
                    numRows 36
                    rawDataSize 216
                    serialization.ddl struct stage4_prediction_counts { string model, double label, string label_name, double prediction, string prediction_name, i64 row_count}
                    serialization.format 1
                    serialization.lib org.apache.hadoop.hive.ql.io.parquet.serde.ParquetHiveSerDe
                    totalSize 14580
                    transient_lastDdlTime 1778405078
                  serde: org.apache.hadoop.hive.ql.io.parquet.serde.ParquetHiveSerDe
                
                    input format: org.apache.hadoop.hive.ql.io.parquet.MapredParquetInputFormat
                    output format: org.apache.hadoop.hive.ql.io.parquet.MapredParquetOutputFormat
                    properties:
                      COLUMN_STATS_ACCURATE {"BASIC_STATS":"true"}
                      bucket_count -1
                      bucketing_version 2
                      column.name.delimiter ,
                      columns model,label,label_name,prediction,prediction_name,row_count
                      columns.comments 
                      columns.types string:double:string:double:string:bigint
                      file.inputformat org.apache.hadoop.hive.ql.io.parquet.MapredParquetInputFormat
                      file.outputformat org.apache.hadoop.hive.ql.io.parquet.MapredParquetOutputFormat
                      location hdfs://hadoop-02.uni.innopolis.ru:8020/user/team30/project/hive/warehouse/stage4_prediction_counts
                      name team30_projectdb.stage4_prediction_counts
                      numFiles 8
                      numRows 36
                      rawDataSize 216
                      serialization.ddl struct stage4_prediction_counts { string model, double label, string label_name, double prediction, string prediction_name, i64 row_count}
                      serialization.format 1
                      serialization.lib org.apache.hadoop.hive.ql.io.parquet.serde.ParquetHiveSerDe
                      totalSize 14580
                      transient_lastDdlTime 1778405078
                    serde: org.apache.hadoop.hive.ql.io.parquet.serde.ParquetHiveSerDe
                    name: team30_projectdb.stage4_prediction_counts
                  name: team30_projectdb.stage4_prediction_counts
            Truncated Path -> Alias:
              hdfs://hadoop-02.uni.innopolis.ru:8020/user/team30/project/hive/warehouse/stage4_prediction_counts [stage4_prediction_counts]
        Reducer 2 
            Needs Tagging: false
            Reduce Operator Tree:
              Group By Operator
                aggregations: sum(VALUE._col0)
                keys: KEY._col0 (type: string), KEY._col1 (type: double), KEY._col2 (type: string)
                mode: mergepartial
                outputColumnNames: _col0, _col1, _col2, _col3
                Statistics: Num rows: 18 Data size: 108 Basic stats: COMPLETE Column stats: NONE
                File Output Operator
                  compressed: false
                  GlobalTableId: 1
                  directory: hdfs://hadoop-02.uni.innopolis.ru:8020/user/team30/project/hive/warehouse/.hive-staging_hive_2026-05-10_12-24-38_305_3617448322304907956-1740/-ext-10002
                  NumFilesPerFileSink: 1
                  Statistics: Num rows: 18 Data size: 108 Basic stats: COMPLETE Column stats: NONE
                  Stats Publishing Key Prefix: hdfs://hadoop-02.uni.innopolis.ru:8020/user/team30/project/hive/warehouse/.hive-staging_hive_2026-05-10_12-24-38_305_3617448322304907956-1740/-ext-10002/
                  table:
                      input format: org.apache.hadoop.hive.ql.io.parquet.MapredParquetInputFormat
                      output format: org.apache.hadoop.hive.ql.io.parquet.MapredParquetOutputFormat
                      properties:
                        columns model,prediction,prediction_name,row_count
                        columns.types string:double:string:bigint
                        name team30_projectdb.stage4_prediction_distribution
                        serialization.format 1
                        serialization.lib org.apache.hadoop.hive.ql.io.parquet.serde.ParquetHiveSerDe
                      serde: org.apache.hadoop.hive.ql.io.parquet.serde.ParquetHiveSerDe
                      name: team30_projectdb.stage4_prediction_distribution
                  TotalFiles: 1
                  GatherStats: true
                  MultiFileSpray: false

  Stage: Stage-2
    Dependency Collection

  Stage: Stage-4
      Create Table Operator:
        Create Table
          columns: model string, prediction double, prediction_name string, row_count bigint
          input format: org.apache.hadoop.hive.ql.io.parquet.MapredParquetInputFormat
          output format: org.apache.hadoop.hive.ql.io.parquet.MapredParquetOutputFormat
          serde name: org.apache.hadoop.hive.ql.io.parquet.serde.ParquetHiveSerDe
          name: team30_projectdb.stage4_prediction_distribution

  Stage: Stage-3
    Stats Work
      Basic Stats Work:
          Stats Aggregation Key Prefix: hdfs://hadoop-02.uni.innopolis.ru:8020/user/team30/project/hive/warehouse/.hive-staging_hive_2026-05-10_12-24-38_305_3617448322304907956-1740/-ext-10002/

  Stage: Stage-0
    Move Operator
      files:
          hdfs directory: true
          source: hdfs://hadoop-02.uni.innopolis.ru:8020/user/team30/project/hive/warehouse/.hive-staging_hive_2026-05-10_12-24-38_305_3617448322304907956-1740/-ext-10002
          destination: hdfs://hadoop-02.uni.innopolis.ru:8020/user/team30/project/hive/warehouse/stage4_prediction_distribution


INFO  : Completed compiling command(queryId=hive_20260510122438_2e81c449-1af9-42c5-a787-e0927b7bd5d5); Time taken: 0.096 seconds
INFO  : Executing command(queryId=hive_20260510122438_2e81c449-1af9-42c5-a787-e0927b7bd5d5): CREATE TABLE stage4_prediction_distribution
STORED AS PARQUET
AS
SELECT
model,
prediction,
prediction_name,
SUM(row_count) AS row_count
FROM stage4_prediction_counts
GROUP BY model, prediction, prediction_name
INFO  : Query ID = hive_20260510122438_2e81c449-1af9-42c5-a787-e0927b7bd5d5
INFO  : Total jobs = 1
INFO  : Launching Job 1 out of 1
INFO  : Starting task [Stage-1:MAPRED] in serial mode
INFO  : Subscribed to counters: [] for queryId: hive_20260510122438_2e81c449-1af9-42c5-a787-e0927b7bd5d5
INFO  : Session is already open
INFO  : Dag name: CREATE TABLE stage4_predic...prediction_name (Stage-1)
INFO  : Status: Running (Executing on YARN cluster with App id application_1777989965680_4115)

[2K----------------------------------------------------------------------------------------------
[2K[36;1m        VERTICES      MODE        STATUS  TOTAL  COMPLETED  RUNNING  PENDING  FAILED  KILLED  
[22;0m[2K----------------------------------------------------------------------------------------------
[2KMap 1 .......... container     SUCCEEDED      1          1        0        0       0       0  
Reducer 2 ...... container     SUCCEEDED      1          1        0        0       0       0  
[2K----------------------------------------------------------------------------------------------
[2K[31;1mVERTICES: 02/02  [==========================>>] 100%  ELAPSED TIME: 1.22 s     
[22;0m[2K----------------------------------------------------------------------------------------------
INFO  : Starting task [Stage-2:DEPENDENCY_COLLECTION] in serial mode
INFO  : Starting task [Stage-0:MOVE] in serial mode
INFO  : Moving data to directory hdfs://hadoop-02.uni.innopolis.ru:8020/user/team30/project/hive/warehouse/stage4_prediction_distribution from hdfs://hadoop-02.uni.innopolis.ru:8020/user/team30/project/hive/warehouse/.hive-staging_hive_2026-05-10_12-24-38_305_3617448322304907956-1740/-ext-10002
INFO  : Starting task [Stage-4:DDL] in serial mode
INFO  : Starting task [Stage-3:STATS] in serial mode
INFO  : Completed executing command(queryId=hive_20260510122438_2e81c449-1af9-42c5-a787-e0927b7bd5d5); Time taken: 1.295 seconds
INFO  : OK
No rows affected (1.419 seconds)
INFO  : Compiling command(queryId=hive_20260510122439_8b19a8ca-8d97-4c9d-af97-eedb37b19335): DROP TABLE IF EXISTS stage4_feature_extraction_summary
INFO  : Semantic Analysis Completed (retrial = false)
INFO  : Returning Hive schema: Schema(fieldSchemas:null, properties:null)
INFO  : EXPLAIN output for queryid hive_20260510122439_8b19a8ca-8d97-4c9d-af97-eedb37b19335 : STAGE DEPENDENCIES:
  Stage-0 is a root stage [DDL]

STAGE PLANS:
  Stage: Stage-0
      Drop Table Operator:
        Drop Table
          table: stage4_feature_extraction_summary


INFO  : Completed compiling command(queryId=hive_20260510122439_8b19a8ca-8d97-4c9d-af97-eedb37b19335); Time taken: 0.034 seconds
INFO  : Executing command(queryId=hive_20260510122439_8b19a8ca-8d97-4c9d-af97-eedb37b19335): DROP TABLE IF EXISTS stage4_feature_extraction_summary
INFO  : Starting task [Stage-0:DDL] in serial mode
INFO  : Completed executing command(queryId=hive_20260510122439_8b19a8ca-8d97-4c9d-af97-eedb37b19335); Time taken: 0.045 seconds
INFO  : OK
No rows affected (0.108 seconds)
INFO  : Compiling command(queryId=hive_20260510122439_1ddd0cca-ee0c-401a-8f1b-e68b68f60d79): CREATE TABLE stage4_feature_extraction_summary
STORED AS PARQUET
AS
SELECT
'numeric_features' AS feature_group,
13 AS feature_count,
'kept as numeric and scaled with StandardScaler' AS treatment,
'duration, bytes, packets, ports, year, local flags' AS examples
UNION ALL
SELECT
'cyclical_time_features' AS feature_group,
10 AS feature_count,
'timestamp parts encoded with sine and cosine pairs' AS treatment,
'month, day, hour, minute, second' AS examples
UNION ALL
SELECT
'categorical_features' AS feature_group,
4 AS feature_count,
'StringIndexer, OneHotEncoder, then ChiSqSelector with fpr=0.1' AS treatment,
'proto, service, conn_state, history' AS examples
UNION ALL
SELECT
'final_feature_vector' AS feature_group,
152 AS feature_count,
'assembled selected categorical, numeric, and time features' AS treatment,
'features column used by Spark ML models' AS examples
UNION ALL
SELECT
'target_label' AS feature_group,
1 AS feature_count,
'StringIndexer converted string label to numeric class label' AS treatment,
'label' AS examples
INFO  : Semantic Analysis Completed (retrial = false)
INFO  : Returning Hive schema: Schema(fieldSchemas:[FieldSchema(name:feature_group, type:string, comment:null), FieldSchema(name:feature_count, type:int, comment:null), FieldSchema(name:treatment, type:string, comment:null), FieldSchema(name:examples, type:string, comment:null)], properties:null)
INFO  : EXPLAIN output for queryid hive_20260510122439_1ddd0cca-ee0c-401a-8f1b-e68b68f60d79 : STAGE DEPENDENCIES:
  Stage-1 is a root stage [MAPRED]
  Stage-2 depends on stages: Stage-1 [DEPENDENCY_COLLECTION]
  Stage-4 depends on stages: Stage-2, Stage-0 [DDL]
  Stage-3 depends on stages: Stage-4 [STATS]
  Stage-0 depends on stages: Stage-1 [MOVE]

STAGE PLANS:
  Stage: Stage-1
    Tez
      DagId: hive_20260510122439_1ddd0cca-ee0c-401a-8f1b-e68b68f60d79:3876
      Edges:
        Map 1 <- Union 2 (CONTAINS)
        Map 3 <- Union 2 (CONTAINS)
        Map 4 <- Union 2 (CONTAINS)
        Map 5 <- Union 2 (CONTAINS)
        Map 6 <- Union 2 (CONTAINS)
      DagName: hive_20260510122439_1ddd0cca-ee0c-401a-8f1b-e68b68f60d79:3876
      Vertices:
        Map 1 
            Map Operator Tree:
                TableScan
                  alias: _dummy_table
                  Row Limit Per Split: 1
                  Statistics: Num rows: 1 Data size: 10 Basic stats: COMPLETE Column stats: COMPLETE
                  GatherStats: false
                  Select Operator
                    expressions: 'numeric_features' (type: string), 13 (type: int), 'kept as numeric and scaled with StandardScaler' (type: string), 'duration, bytes, packets, ports, year, local flags' (type: string)
                    outputColumnNames: _col0, _col1, _col2, _col3
                    Statistics: Num rows: 1 Data size: 368 Basic stats: COMPLETE Column stats: COMPLETE
                    File Output Operator
                      compressed: false
                      GlobalTableId: 1
                      directory: hdfs://hadoop-02.uni.innopolis.ru:8020/user/team30/project/hive/warehouse/.hive-staging_hive_2026-05-10_12-24-39_988_1749561115873456966-1740/-ext-10002/HIVE_UNION_SUBDIR_1
                      NumFilesPerFileSink: 1
                      Statistics: Num rows: 5 Data size: 1805 Basic stats: COMPLETE Column stats: COMPLETE
                      Stats Publishing Key Prefix: hdfs://hadoop-02.uni.innopolis.ru:8020/user/team30/project/hive/warehouse/.hive-staging_hive_2026-05-10_12-24-39_988_1749561115873456966-1740/-ext-10002/
                      table:
                          input format: org.apache.hadoop.hive.ql.io.parquet.MapredParquetInputFormat
                          output format: org.apache.hadoop.hive.ql.io.parquet.MapredParquetOutputFormat
                          properties:
                            columns feature_group,feature_count,treatment,examples
                            columns.types string:int:string:string
                            name team30_projectdb.stage4_feature_extraction_summary
                            serialization.format 1
                            serialization.lib org.apache.hadoop.hive.ql.io.parquet.serde.ParquetHiveSerDe
                          serde: org.apache.hadoop.hive.ql.io.parquet.serde.ParquetHiveSerDe
                          name: team30_projectdb.stage4_feature_extraction_summary
                      TotalFiles: 1
                      GatherStats: true
                      MultiFileSpray: false
            Path -> Alias:
              hdfs://hadoop-02.uni.innopolis.ru:8020/tmp/hive/team30/4f283a33-f3db-40bf-aa0a-2bd4e0e843a8/hive_2026-05-10_12-24-39_988_1749561115873456966-1740/dummy_path [_dummy_table]
            Path -> Partition:
              hdfs://hadoop-02.uni.innopolis.ru:8020/tmp/hive/team30/4f283a33-f3db-40bf-aa0a-2bd4e0e843a8/hive_2026-05-10_12-24-39_988_1749561115873456966-1740/dummy_path 
                Partition
                  base file name: dummy_path
                  input format: org.apache.hadoop.hive.ql.io.NullRowsInputFormat
                  output format: org.apache.hadoop.hive.ql.io.HiveIgnoreKeyTextOutputFormat
                  properties:
                    bucket_count -1
                    bucketing_version 2
                    column.name.delimiter ,
                    columns 
                    columns.comments 
                    columns.types 
                    file.inputformat org.apache.hadoop.hive.ql.io.NullRowsInputFormat
                    file.outputformat org.apache.hadoop.hive.ql.io.HiveIgnoreKeyTextOutputFormat
                    location hdfs://hadoop-02.uni.innopolis.ru:8020/tmp/hive/team30/4f283a33-f3db-40bf-aa0a-2bd4e0e843a8/hive_2026-05-10_12-24-39_988_1749561115873456966-1740/dummy_path
                    name _dummy_database._dummy_table
                    serialization.ddl struct _dummy_table { }
                    serialization.format 1
                    serialization.lib org.apache.hadoop.hive.serde2.NullStructSerDe
                  serde: org.apache.hadoop.hive.serde2.NullStructSerDe
                
                    input format: org.apache.hadoop.hive.ql.io.NullRowsInputFormat
                    output format: org.apache.hadoop.hive.ql.io.HiveIgnoreKeyTextOutputFormat
                    properties:
                      bucket_count -1
                      bucketing_version 2
                      column.name.delimiter ,
                      columns 
                      columns.comments 
                      columns.types 
                      file.inputformat org.apache.hadoop.hive.ql.io.NullRowsInputFormat
                      file.outputformat org.apache.hadoop.hive.ql.io.HiveIgnoreKeyTextOutputFormat
                      location hdfs://hadoop-02.uni.innopolis.ru:8020/tmp/hive/team30/4f283a33-f3db-40bf-aa0a-2bd4e0e843a8/hive_2026-05-10_12-24-39_988_1749561115873456966-1740/dummy_path
                      name _dummy_database._dummy_table
                      serialization.ddl struct _dummy_table { }
                      serialization.format 1
                      serialization.lib org.apache.hadoop.hive.serde2.NullStructSerDe
                    serde: org.apache.hadoop.hive.serde2.NullStructSerDe
                    name: _dummy_database._dummy_table
                  name: _dummy_database._dummy_table
            Truncated Path -> Alias:
              hdfs://hadoop-02.uni.innopolis.ru:8020/tmp/hive/team30/4f283a33-f3db-40bf-aa0a-2bd4e0e843a8/hive_2026-05-10_12-24-39_988_1749561115873456966-1740/dummy_path [_dummy_table]
        Map 3 
            Map Operator Tree:
                TableScan
                  alias: _dummy_table
                  Row Limit Per Split: 1
                  Statistics: Num rows: 1 Data size: 10 Basic stats: COMPLETE Column stats: COMPLETE
                  GatherStats: false
                  Select Operator
                    expressions: 'cyclical_time_features' (type: string), 10 (type: int), 'timestamp parts encoded with sine and cosine pairs' (type: string), 'month, day, hour, minute, second' (type: string)
                    outputColumnNames: _col0, _col1, _col2, _col3
                    Statistics: Num rows: 1 Data size: 360 Basic stats: COMPLETE Column stats: COMPLETE
                    File Output Operator
                      compressed: false
                      GlobalTableId: 1
                      directory: hdfs://hadoop-02.uni.innopolis.ru:8020/user/team30/project/hive/warehouse/.hive-staging_hive_2026-05-10_12-24-39_988_1749561115873456966-1740/-ext-10002/HIVE_UNION_SUBDIR_2
                      NumFilesPerFileSink: 1
                      Statistics: Num rows: 5 Data size: 1805 Basic stats: COMPLETE Column stats: COMPLETE
                      Stats Publishing Key Prefix: hdfs://hadoop-02.uni.innopolis.ru:8020/user/team30/project/hive/warehouse/.hive-staging_hive_2026-05-10_12-24-39_988_1749561115873456966-1740/-ext-10002/
                      table:
                          input format: org.apache.hadoop.hive.ql.io.parquet.MapredParquetInputFormat
                          output format: org.apache.hadoop.hive.ql.io.parquet.MapredParquetOutputFormat
                          properties:
                            columns feature_group,feature_count,treatment,examples
                            columns.types string:int:string:string
                            name team30_projectdb.stage4_feature_extraction_summary
                            serialization.format 1
                            serialization.lib org.apache.hadoop.hive.ql.io.parquet.serde.ParquetHiveSerDe
                          serde: org.apache.hadoop.hive.ql.io.parquet.serde.ParquetHiveSerDe
                          name: team30_projectdb.stage4_feature_extraction_summary
                      TotalFiles: 1
                      GatherStats: true
                      MultiFileSpray: false
            Path -> Alias:
              hdfs://hadoop-02.uni.innopolis.ru:8020/tmp/hive/team30/4f283a33-f3db-40bf-aa0a-2bd4e0e843a8/hive_2026-05-10_12-24-39_988_1749561115873456966-1740/dummy_path [_dummy_table]
            Path -> Partition:
              hdfs://hadoop-02.uni.innopolis.ru:8020/tmp/hive/team30/4f283a33-f3db-40bf-aa0a-2bd4e0e843a8/hive_2026-05-10_12-24-39_988_1749561115873456966-1740/dummy_path 
                Partition
                  base file name: dummy_path
                  input format: org.apache.hadoop.hive.ql.io.NullRowsInputFormat
                  output format: org.apache.hadoop.hive.ql.io.HiveIgnoreKeyTextOutputFormat
                  properties:
                    bucket_count -1
                    bucketing_version 2
                    column.name.delimiter ,
                    columns 
                    columns.comments 
                    columns.types 
                    file.inputformat org.apache.hadoop.hive.ql.io.NullRowsInputFormat
                    file.outputformat org.apache.hadoop.hive.ql.io.HiveIgnoreKeyTextOutputFormat
                    location hdfs://hadoop-02.uni.innopolis.ru:8020/tmp/hive/team30/4f283a33-f3db-40bf-aa0a-2bd4e0e843a8/hive_2026-05-10_12-24-39_988_1749561115873456966-1740/dummy_path
                    name _dummy_database._dummy_table
                    serialization.ddl struct _dummy_table { }
                    serialization.format 1
                    serialization.lib org.apache.hadoop.hive.serde2.NullStructSerDe
                  serde: org.apache.hadoop.hive.serde2.NullStructSerDe
                
                    input format: org.apache.hadoop.hive.ql.io.NullRowsInputFormat
                    output format: org.apache.hadoop.hive.ql.io.HiveIgnoreKeyTextOutputFormat
                    properties:
                      bucket_count -1
                      bucketing_version 2
                      column.name.delimiter ,
                      columns 
                      columns.comments 
                      columns.types 
                      file.inputformat org.apache.hadoop.hive.ql.io.NullRowsInputFormat
                      file.outputformat org.apache.hadoop.hive.ql.io.HiveIgnoreKeyTextOutputFormat
                      location hdfs://hadoop-02.uni.innopolis.ru:8020/tmp/hive/team30/4f283a33-f3db-40bf-aa0a-2bd4e0e843a8/hive_2026-05-10_12-24-39_988_1749561115873456966-1740/dummy_path
                      name _dummy_database._dummy_table
                      serialization.ddl struct _dummy_table { }
                      serialization.format 1
                      serialization.lib org.apache.hadoop.hive.serde2.NullStructSerDe
                    serde: org.apache.hadoop.hive.serde2.NullStructSerDe
                    name: _dummy_database._dummy_table
                  name: _dummy_database._dummy_table
            Truncated Path -> Alias:
              hdfs://hadoop-02.uni.innopolis.ru:8020/tmp/hive/team30/4f283a33-f3db-40bf-aa0a-2bd4e0e843a8/hive_2026-05-10_12-24-39_988_1749561115873456966-1740/dummy_path [_dummy_table]
        Map 4 
            Map Operator Tree:
                TableScan
                  alias: _dummy_table
                  Row Limit Per Split: 1
                  Statistics: Num rows: 1 Data size: 10 Basic stats: COMPLETE Column stats: COMPLETE
                  GatherStats: false
                  Select Operator
                    expressions: 'categorical_features' (type: string), 4 (type: int), 'StringIndexer, OneHotEncoder, then ChiSqSelector with fpr=0.1' (type: string), 'proto, service, conn_state, history' (type: string)
                    outputColumnNames: _col0, _col1, _col2, _col3
                    Statistics: Num rows: 1 Data size: 372 Basic stats: COMPLETE Column stats: COMPLETE
                    File Output Operator
                      compressed: false
                      GlobalTableId: 1
                      directory: hdfs://hadoop-02.uni.innopolis.ru:8020/user/team30/project/hive/warehouse/.hive-staging_hive_2026-05-10_12-24-39_988_1749561115873456966-1740/-ext-10002/HIVE_UNION_SUBDIR_3
                      NumFilesPerFileSink: 1
                      Statistics: Num rows: 5 Data size: 1805 Basic stats: COMPLETE Column stats: COMPLETE
                      Stats Publishing Key Prefix: hdfs://hadoop-02.uni.innopolis.ru:8020/user/team30/project/hive/warehouse/.hive-staging_hive_2026-05-10_12-24-39_988_1749561115873456966-1740/-ext-10002/
                      table:
                          input format: org.apache.hadoop.hive.ql.io.parquet.MapredParquetInputFormat
                          output format: org.apache.hadoop.hive.ql.io.parquet.MapredParquetOutputFormat
                          properties:
                            columns feature_group,feature_count,treatment,examples
                            columns.types string:int:string:string
                            name team30_projectdb.stage4_feature_extraction_summary
                            serialization.format 1
                            serialization.lib org.apache.hadoop.hive.ql.io.parquet.serde.ParquetHiveSerDe
                          serde: org.apache.hadoop.hive.ql.io.parquet.serde.ParquetHiveSerDe
                          name: team30_projectdb.stage4_feature_extraction_summary
                      TotalFiles: 1
                      GatherStats: true
                      MultiFileSpray: false
            Path -> Alias:
              hdfs://hadoop-02.uni.innopolis.ru:8020/tmp/hive/team30/4f283a33-f3db-40bf-aa0a-2bd4e0e843a8/hive_2026-05-10_12-24-39_988_1749561115873456966-1740/dummy_path [_dummy_table]
            Path -> Partition:
              hdfs://hadoop-02.uni.innopolis.ru:8020/tmp/hive/team30/4f283a33-f3db-40bf-aa0a-2bd4e0e843a8/hive_2026-05-10_12-24-39_988_1749561115873456966-1740/dummy_path 
                Partition
                  base file name: dummy_path
                  input format: org.apache.hadoop.hive.ql.io.NullRowsInputFormat
                  output format: org.apache.hadoop.hive.ql.io.HiveIgnoreKeyTextOutputFormat
                  properties:
                    bucket_count -1
                    bucketing_version 2
                    column.name.delimiter ,
                    columns 
                    columns.comments 
                    columns.types 
                    file.inputformat org.apache.hadoop.hive.ql.io.NullRowsInputFormat
                    file.outputformat org.apache.hadoop.hive.ql.io.HiveIgnoreKeyTextOutputFormat
                    location hdfs://hadoop-02.uni.innopolis.ru:8020/tmp/hive/team30/4f283a33-f3db-40bf-aa0a-2bd4e0e843a8/hive_2026-05-10_12-24-39_988_1749561115873456966-1740/dummy_path
                    name _dummy_database._dummy_table
                    serialization.ddl struct _dummy_table { }
                    serialization.format 1
                    serialization.lib org.apache.hadoop.hive.serde2.NullStructSerDe
                  serde: org.apache.hadoop.hive.serde2.NullStructSerDe
                
                    input format: org.apache.hadoop.hive.ql.io.NullRowsInputFormat
                    output format: org.apache.hadoop.hive.ql.io.HiveIgnoreKeyTextOutputFormat
                    properties:
                      bucket_count -1
                      bucketing_version 2
                      column.name.delimiter ,
                      columns 
                      columns.comments 
                      columns.types 
                      file.inputformat org.apache.hadoop.hive.ql.io.NullRowsInputFormat
                      file.outputformat org.apache.hadoop.hive.ql.io.HiveIgnoreKeyTextOutputFormat
                      location hdfs://hadoop-02.uni.innopolis.ru:8020/tmp/hive/team30/4f283a33-f3db-40bf-aa0a-2bd4e0e843a8/hive_2026-05-10_12-24-39_988_1749561115873456966-1740/dummy_path
                      name _dummy_database._dummy_table
                      serialization.ddl struct _dummy_table { }
                      serialization.format 1
                      serialization.lib org.apache.hadoop.hive.serde2.NullStructSerDe
                    serde: org.apache.hadoop.hive.serde2.NullStructSerDe
                    name: _dummy_database._dummy_table
                  name: _dummy_database._dummy_table
            Truncated Path -> Alias:
              hdfs://hadoop-02.uni.innopolis.ru:8020/tmp/hive/team30/4f283a33-f3db-40bf-aa0a-2bd4e0e843a8/hive_2026-05-10_12-24-39_988_1749561115873456966-1740/dummy_path [_dummy_table]
        Map 5 
            Map Operator Tree:
                TableScan
                  alias: _dummy_table
                  Row Limit Per Split: 1
                  Statistics: Num rows: 1 Data size: 10 Basic stats: COMPLETE Column stats: COMPLETE
                  GatherStats: false
                  Select Operator
                    expressions: 'final_feature_vector' (type: string), 152 (type: int), 'assembled selected categorical, numeric, and time features' (type: string), 'features column used by Spark ML models' (type: string)
                    outputColumnNames: _col0, _col1, _col2, _col3
                    Statistics: Num rows: 1 Data size: 373 Basic stats: COMPLETE Column stats: COMPLETE
                    File Output Operator
                      compressed: false
                      GlobalTableId: 1
                      directory: hdfs://hadoop-02.uni.innopolis.ru:8020/user/team30/project/hive/warehouse/.hive-staging_hive_2026-05-10_12-24-39_988_1749561115873456966-1740/-ext-10002/HIVE_UNION_SUBDIR_4
                      NumFilesPerFileSink: 1
                      Statistics: Num rows: 5 Data size: 1805 Basic stats: COMPLETE Column stats: COMPLETE
                      Stats Publishing Key Prefix: hdfs://hadoop-02.uni.innopolis.ru:8020/user/team30/project/hive/warehouse/.hive-staging_hive_2026-05-10_12-24-39_988_1749561115873456966-1740/-ext-10002/
                      table:
                          input format: org.apache.hadoop.hive.ql.io.parquet.MapredParquetInputFormat
                          output format: org.apache.hadoop.hive.ql.io.parquet.MapredParquetOutputFormat
                          properties:
                            columns feature_group,feature_count,treatment,examples
                            columns.types string:int:string:string
                            name team30_projectdb.stage4_feature_extraction_summary
                            serialization.format 1
                            serialization.lib org.apache.hadoop.hive.ql.io.parquet.serde.ParquetHiveSerDe
                          serde: org.apache.hadoop.hive.ql.io.parquet.serde.ParquetHiveSerDe
                          name: team30_projectdb.stage4_feature_extraction_summary
                      TotalFiles: 1
                      GatherStats: true
                      MultiFileSpray: false
            Path -> Alias:
              hdfs://hadoop-02.uni.innopolis.ru:8020/tmp/hive/team30/4f283a33-f3db-40bf-aa0a-2bd4e0e843a8/hive_2026-05-10_12-24-39_988_1749561115873456966-1740/dummy_path [_dummy_table]
            Path -> Partition:
              hdfs://hadoop-02.uni.innopolis.ru:8020/tmp/hive/team30/4f283a33-f3db-40bf-aa0a-2bd4e0e843a8/hive_2026-05-10_12-24-39_988_1749561115873456966-1740/dummy_path 
                Partition
                  base file name: dummy_path
                  input format: org.apache.hadoop.hive.ql.io.NullRowsInputFormat
                  output format: org.apache.hadoop.hive.ql.io.HiveIgnoreKeyTextOutputFormat
                  properties:
                    bucket_count -1
                    bucketing_version 2
                    column.name.delimiter ,
                    columns 
                    columns.comments 
                    columns.types 
                    file.inputformat org.apache.hadoop.hive.ql.io.NullRowsInputFormat
                    file.outputformat org.apache.hadoop.hive.ql.io.HiveIgnoreKeyTextOutputFormat
                    location hdfs://hadoop-02.uni.innopolis.ru:8020/tmp/hive/team30/4f283a33-f3db-40bf-aa0a-2bd4e0e843a8/hive_2026-05-10_12-24-39_988_1749561115873456966-1740/dummy_path
                    name _dummy_database._dummy_table
                    serialization.ddl struct _dummy_table { }
                    serialization.format 1
                    serialization.lib org.apache.hadoop.hive.serde2.NullStructSerDe
                  serde: org.apache.hadoop.hive.serde2.NullStructSerDe
                
                    input format: org.apache.hadoop.hive.ql.io.NullRowsInputFormat
                    output format: org.apache.hadoop.hive.ql.io.HiveIgnoreKeyTextOutputFormat
                    properties:
                      bucket_count -1
                      bucketing_version 2
                      column.name.delimiter ,
                      columns 
                      columns.comments 
                      columns.types 
                      file.inputformat org.apache.hadoop.hive.ql.io.NullRowsInputFormat
                      file.outputformat org.apache.hadoop.hive.ql.io.HiveIgnoreKeyTextOutputFormat
                      location hdfs://hadoop-02.uni.innopolis.ru:8020/tmp/hive/team30/4f283a33-f3db-40bf-aa0a-2bd4e0e843a8/hive_2026-05-10_12-24-39_988_1749561115873456966-1740/dummy_path
                      name _dummy_database._dummy_table
                      serialization.ddl struct _dummy_table { }
                      serialization.format 1
                      serialization.lib org.apache.hadoop.hive.serde2.NullStructSerDe
                    serde: org.apache.hadoop.hive.serde2.NullStructSerDe
                    name: _dummy_database._dummy_table
                  name: _dummy_database._dummy_table
            Truncated Path -> Alias:
              hdfs://hadoop-02.uni.innopolis.ru:8020/tmp/hive/team30/4f283a33-f3db-40bf-aa0a-2bd4e0e843a8/hive_2026-05-10_12-24-39_988_1749561115873456966-1740/dummy_path [_dummy_table]
        Map 6 
            Map Operator Tree:
                TableScan
                  alias: _dummy_table
                  Row Limit Per Split: 1
                  Statistics: Num rows: 1 Data size: 10 Basic stats: COMPLETE Column stats: COMPLETE
                  GatherStats: false
                  Select Operator
                    expressions: 'target_label' (type: string), 1 (type: int), 'StringIndexer converted string label to numeric class label' (type: string), 'label' (type: string)
                    outputColumnNames: _col0, _col1, _col2, _col3
                    Statistics: Num rows: 1 Data size: 332 Basic stats: COMPLETE Column stats: COMPLETE
                    File Output Operator
                      compressed: false
                      GlobalTableId: 1
                      directory: hdfs://hadoop-02.uni.innopolis.ru:8020/user/team30/project/hive/warehouse/.hive-staging_hive_2026-05-10_12-24-39_988_1749561115873456966-1740/-ext-10002/HIVE_UNION_SUBDIR_5
                      NumFilesPerFileSink: 1
                      Statistics: Num rows: 5 Data size: 1805 Basic stats: COMPLETE Column stats: COMPLETE
                      Stats Publishing Key Prefix: hdfs://hadoop-02.uni.innopolis.ru:8020/user/team30/project/hive/warehouse/.hive-staging_hive_2026-05-10_12-24-39_988_1749561115873456966-1740/-ext-10002/
                      table:
                          input format: org.apache.hadoop.hive.ql.io.parquet.MapredParquetInputFormat
                          output format: org.apache.hadoop.hive.ql.io.parquet.MapredParquetOutputFormat
                          properties:
                            columns feature_group,feature_count,treatment,examples
                            columns.types string:int:string:string
                            name team30_projectdb.stage4_feature_extraction_summary
                            serialization.format 1
                            serialization.lib org.apache.hadoop.hive.ql.io.parquet.serde.ParquetHiveSerDe
                          serde: org.apache.hadoop.hive.ql.io.parquet.serde.ParquetHiveSerDe
                          name: team30_projectdb.stage4_feature_extraction_summary
                      TotalFiles: 1
                      GatherStats: true
                      MultiFileSpray: false
            Path -> Alias:
              hdfs://hadoop-02.uni.innopolis.ru:8020/tmp/hive/team30/4f283a33-f3db-40bf-aa0a-2bd4e0e843a8/hive_2026-05-10_12-24-39_988_1749561115873456966-1740/dummy_path [_dummy_table]
            Path -> Partition:
              hdfs://hadoop-02.uni.innopolis.ru:8020/tmp/hive/team30/4f283a33-f3db-40bf-aa0a-2bd4e0e843a8/hive_2026-05-10_12-24-39_988_1749561115873456966-1740/dummy_path 
                Partition
                  base file name: dummy_path
                  input format: org.apache.hadoop.hive.ql.io.NullRowsInputFormat
                  output format: org.apache.hadoop.hive.ql.io.HiveIgnoreKeyTextOutputFormat
                  properties:
                    bucket_count -1
                    bucketing_version 2
                    column.name.delimiter ,
                    columns 
                    columns.comments 
                    columns.types 
                    file.inputformat org.apache.hadoop.hive.ql.io.NullRowsInputFormat
                    file.outputformat org.apache.hadoop.hive.ql.io.HiveIgnoreKeyTextOutputFormat
                    location hdfs://hadoop-02.uni.innopolis.ru:8020/tmp/hive/team30/4f283a33-f3db-40bf-aa0a-2bd4e0e843a8/hive_2026-05-10_12-24-39_988_1749561115873456966-1740/dummy_path
                    name _dummy_database._dummy_table
                    serialization.ddl struct _dummy_table { }
                    serialization.format 1
                    serialization.lib org.apache.hadoop.hive.serde2.NullStructSerDe
                  serde: org.apache.hadoop.hive.serde2.NullStructSerDe
                
                    input format: org.apache.hadoop.hive.ql.io.NullRowsInputFormat
                    output format: org.apache.hadoop.hive.ql.io.HiveIgnoreKeyTextOutputFormat
                    properties:
                      bucket_count -1
                      bucketing_version 2
                      column.name.delimiter ,
                      columns 
                      columns.comments 
                      columns.types 
                      file.inputformat org.apache.hadoop.hive.ql.io.NullRowsInputFormat
                      file.outputformat org.apache.hadoop.hive.ql.io.HiveIgnoreKeyTextOutputFormat
                      location hdfs://hadoop-02.uni.innopolis.ru:8020/tmp/hive/team30/4f283a33-f3db-40bf-aa0a-2bd4e0e843a8/hive_2026-05-10_12-24-39_988_1749561115873456966-1740/dummy_path
                      name _dummy_database._dummy_table
                      serialization.ddl struct _dummy_table { }
                      serialization.format 1
                      serialization.lib org.apache.hadoop.hive.serde2.NullStructSerDe
                    serde: org.apache.hadoop.hive.serde2.NullStructSerDe
                    name: _dummy_database._dummy_table
                  name: _dummy_database._dummy_table
            Truncated Path -> Alias:
              hdfs://hadoop-02.uni.innopolis.ru:8020/tmp/hive/team30/4f283a33-f3db-40bf-aa0a-2bd4e0e843a8/hive_2026-05-10_12-24-39_988_1749561115873456966-1740/dummy_path [_dummy_table]
        Union 2 
            Vertex: Union 2

  Stage: Stage-2
    Dependency Collection

  Stage: Stage-4
      Create Table Operator:
        Create Table
          columns: feature_group string, feature_count int, treatment string, examples string
          input format: org.apache.hadoop.hive.ql.io.parquet.MapredParquetInputFormat
          output format: org.apache.hadoop.hive.ql.io.parquet.MapredParquetOutputFormat
          serde name: org.apache.hadoop.hive.ql.io.parquet.serde.ParquetHiveSerDe
          name: team30_projectdb.stage4_feature_extraction_summary

  Stage: Stage-3
    Stats Work
      Basic Stats Work:
          Stats Aggregation Key Prefix: hdfs://hadoop-02.uni.innopolis.ru:8020/user/team30/project/hive/warehouse/.hive-staging_hive_2026-05-10_12-24-39_988_1749561115873456966-1740/-ext-10002/

  Stage: Stage-0
    Move Operator
      files:
          hdfs directory: true
          source: hdfs://hadoop-02.uni.innopolis.ru:8020/user/team30/project/hive/warehouse/.hive-staging_hive_2026-05-10_12-24-39_988_1749561115873456966-1740/-ext-10002
          destination: hdfs://hadoop-02.uni.innopolis.ru:8020/user/team30/project/hive/warehouse/stage4_feature_extraction_summary


INFO  : Completed compiling command(queryId=hive_20260510122439_1ddd0cca-ee0c-401a-8f1b-e68b68f60d79); Time taken: 0.179 seconds
INFO  : Executing command(queryId=hive_20260510122439_1ddd0cca-ee0c-401a-8f1b-e68b68f60d79): CREATE TABLE stage4_feature_extraction_summary
STORED AS PARQUET
AS
SELECT
'numeric_features' AS feature_group,
13 AS feature_count,
'kept as numeric and scaled with StandardScaler' AS treatment,
'duration, bytes, packets, ports, year, local flags' AS examples
UNION ALL
SELECT
'cyclical_time_features' AS feature_group,
10 AS feature_count,
'timestamp parts encoded with sine and cosine pairs' AS treatment,
'month, day, hour, minute, second' AS examples
UNION ALL
SELECT
'categorical_features' AS feature_group,
4 AS feature_count,
'StringIndexer, OneHotEncoder, then ChiSqSelector with fpr=0.1' AS treatment,
'proto, service, conn_state, history' AS examples
UNION ALL
SELECT
'final_feature_vector' AS feature_group,
152 AS feature_count,
'assembled selected categorical, numeric, and time features' AS treatment,
'features column used by Spark ML models' AS examples
UNION ALL
SELECT
'target_label' AS feature_group,
1 AS feature_count,
'StringIndexer converted string label to numeric class label' AS treatment,
'label' AS examples
INFO  : Query ID = hive_20260510122439_1ddd0cca-ee0c-401a-8f1b-e68b68f60d79
INFO  : Total jobs = 1
INFO  : Launching Job 1 out of 1
INFO  : Starting task [Stage-1:MAPRED] in serial mode
INFO  : Subscribed to counters: [] for queryId: hive_20260510122439_1ddd0cca-ee0c-401a-8f1b-e68b68f60d79
INFO  : Session is already open
INFO  : Dag name: CREATE TABLE stage4_feature_extra...examples (Stage-1)
INFO  : Status: Running (Executing on YARN cluster with App id application_1777989965680_4115)

INFO  : Starting task [Stage-2:DEPENDENCY_COLLECTION] in serial mode
INFO  : Starting task [Stage-0:MOVE] in serial mode
INFO  : Moving data to directory hdfs://hadoop-02.uni.innopolis.ru:8020/user/team30/project/hive/warehouse/stage4_feature_extraction_summary from hdfs://hadoop-02.uni.innopolis.ru:8020/user/team30/project/hive/warehouse/.hive-staging_hive_2026-05-10_12-24-39_988_1749561115873456966-1740/-ext-10002
INFO  : Starting task [Stage-4:DDL] in serial mode
INFO  : Starting task [Stage-3:STATS] in serial mode
INFO  : Completed executing command(queryId=hive_20260510122439_1ddd0cca-ee0c-401a-8f1b-e68b68f60d79); Time taken: 0.831 seconds
INFO  : OK
No rows affected (1.05 seconds)
INFO  : Compiling command(queryId=hive_20260510122441_fa6d50e4-ec4f-4b9a-928b-c1482a7bf4f6): DROP TABLE IF EXISTS stage4_hyperparameter_results
INFO  : Semantic Analysis Completed (retrial = false)
INFO  : Returning Hive schema: Schema(fieldSchemas:null, properties:null)
INFO  : EXPLAIN output for queryid hive_20260510122441_fa6d50e4-ec4f-4b9a-928b-c1482a7bf4f6 : STAGE DEPENDENCIES:
  Stage-0 is a root stage [DDL]

STAGE PLANS:
  Stage: Stage-0
      Drop Table Operator:
        Drop Table
          table: stage4_hyperparameter_results


INFO  : Completed compiling command(queryId=hive_20260510122441_fa6d50e4-ec4f-4b9a-928b-c1482a7bf4f6); Time taken: 0.048 seconds
INFO  : Executing command(queryId=hive_20260510122441_fa6d50e4-ec4f-4b9a-928b-c1482a7bf4f6): DROP TABLE IF EXISTS stage4_hyperparameter_results
INFO  : Starting task [Stage-0:DDL] in serial mode
INFO  : Completed executing command(queryId=hive_20260510122441_fa6d50e4-ec4f-4b9a-928b-c1482a7bf4f6); Time taken: 0.049 seconds
INFO  : OK
No rows affected (0.135 seconds)
INFO  : Compiling command(queryId=hive_20260510122441_9af084ea-9b16-4a6a-aa7f-fd8face73fd4): CREATE TABLE stage4_hyperparameter_results
STORED AS PARQUET
AS
SELECT
'Random Forest' AS model,
'numTrees' AS hyperparameter,
'[30, 60]' AS tested_values,
'60' AS best_value,
2 AS cv_folds,
'f1' AS selection_metric
UNION ALL
SELECT
'Random Forest' AS model,
'maxDepth' AS hyperparameter,
'[4, 6]' AS tested_values,
'6' AS best_value,
2 AS cv_folds,
'f1' AS selection_metric
UNION ALL
SELECT
'Logistic Regression' AS model,
'regParam' AS hyperparameter,
'[0.01, 0.1]' AS tested_values,
'0.1' AS best_value,
2 AS cv_folds,
'f1' AS selection_metric
UNION ALL
SELECT
'Logistic Regression' AS model,
'elasticNetParam' AS hyperparameter,
'[0.0, 0.5]' AS tested_values,
'0.5' AS best_value,
2 AS cv_folds,
'f1' AS selection_metric
INFO  : Semantic Analysis Completed (retrial = false)
INFO  : Returning Hive schema: Schema(fieldSchemas:[FieldSchema(name:model, type:string, comment:null), FieldSchema(name:hyperparameter, type:string, comment:null), FieldSchema(name:tested_values, type:string, comment:null), FieldSchema(name:best_value, type:string, comment:null), FieldSchema(name:cv_folds, type:int, comment:null), FieldSchema(name:selection_metric, type:string, comment:null)], properties:null)
INFO  : EXPLAIN output for queryid hive_20260510122441_9af084ea-9b16-4a6a-aa7f-fd8face73fd4 : STAGE DEPENDENCIES:
  Stage-1 is a root stage [MAPRED]
  Stage-2 depends on stages: Stage-1 [DEPENDENCY_COLLECTION]
  Stage-4 depends on stages: Stage-2, Stage-0 [DDL]
  Stage-3 depends on stages: Stage-4 [STATS]
  Stage-0 depends on stages: Stage-1 [MOVE]

STAGE PLANS:
  Stage: Stage-1
    Tez
      DagId: hive_20260510122441_9af084ea-9b16-4a6a-aa7f-fd8face73fd4:3877
      Edges:
        Map 1 <- Union 2 (CONTAINS)
        Map 3 <- Union 2 (CONTAINS)
        Map 4 <- Union 2 (CONTAINS)
        Map 5 <- Union 2 (CONTAINS)
      DagName: hive_20260510122441_9af084ea-9b16-4a6a-aa7f-fd8face73fd4:3877
      Vertices:
        Map 1 
            Map Operator Tree:
                TableScan
                  alias: _dummy_table
                  Row Limit Per Split: 1
                  Statistics: Num rows: 1 Data size: 10 Basic stats: COMPLETE Column stats: COMPLETE
                  GatherStats: false
                  Select Operator
                    expressions: 'numTrees' (type: string), '[30, 60]' (type: string), '60' (type: string)
                    outputColumnNames: _col0, _col1, _col2
                    Statistics: Num rows: 1 Data size: 270 Basic stats: COMPLETE Column stats: COMPLETE
                    Select Operator
                      expressions: 'Random Forest' (type: string), _col0 (type: string), _col1 (type: string), _col2 (type: string)
                      outputColumnNames: _col0, _col1, _col2, _col3
                      Statistics: Num rows: 2 Data size: 734 Basic stats: COMPLETE Column stats: COMPLETE
                      Select Operator
                        expressions: _col0 (type: string), _col1 (type: string), _col2 (type: string), _col3 (type: string), 2 (type: int), 'f1' (type: string)
                        outputColumnNames: _col0, _col1, _col2, _col3, _col4, _col5
                        Statistics: Num rows: 4 Data size: 1896 Basic stats: COMPLETE Column stats: COMPLETE
                        File Output Operator
                          compressed: false
                          GlobalTableId: 1
                          directory: hdfs://hadoop-02.uni.innopolis.ru:8020/user/team30/project/hive/warehouse/.hive-staging_hive_2026-05-10_12-24-41_357_3250008641052544395-1740/-ext-10002/HIVE_UNION_SUBDIR_1
                          NumFilesPerFileSink: 1
                          Statistics: Num rows: 4 Data size: 1896 Basic stats: COMPLETE Column stats: COMPLETE
                          Stats Publishing Key Prefix: hdfs://hadoop-02.uni.innopolis.ru:8020/user/team30/project/hive/warehouse/.hive-staging_hive_2026-05-10_12-24-41_357_3250008641052544395-1740/-ext-10002/
                          table:
                              input format: org.apache.hadoop.hive.ql.io.parquet.MapredParquetInputFormat
                              output format: org.apache.hadoop.hive.ql.io.parquet.MapredParquetOutputFormat
                              properties:
                                columns model,hyperparameter,tested_values,best_value,cv_folds,selection_metric
                                columns.types string:string:string:string:int:string
                                name team30_projectdb.stage4_hyperparameter_results
                                serialization.format 1
                                serialization.lib org.apache.hadoop.hive.ql.io.parquet.serde.ParquetHiveSerDe
                              serde: org.apache.hadoop.hive.ql.io.parquet.serde.ParquetHiveSerDe
                              name: team30_projectdb.stage4_hyperparameter_results
                          TotalFiles: 1
                          GatherStats: true
                          MultiFileSpray: false
            Path -> Alias:
              hdfs://hadoop-02.uni.innopolis.ru:8020/tmp/hive/team30/4f283a33-f3db-40bf-aa0a-2bd4e0e843a8/hive_2026-05-10_12-24-41_357_3250008641052544395-1740/dummy_path [_dummy_table]
            Path -> Partition:
              hdfs://hadoop-02.uni.innopolis.ru:8020/tmp/hive/team30/4f283a33-f3db-40bf-aa0a-2bd4e0e843a8/hive_2026-05-10_12-24-41_357_3250008641052544395-1740/dummy_path 
                Partition
                  base file name: dummy_path
                  input format: org.apache.hadoop.hive.ql.io.NullRowsInputFormat
                  output format: org.apache.hadoop.hive.ql.io.HiveIgnoreKeyTextOutputFormat
                  properties:
                    bucket_count -1
                    bucketing_version 2
                    column.name.delimiter ,
                    columns 
                    columns.comments 
                    columns.types 
                    file.inputformat org.apache.hadoop.hive.ql.io.NullRowsInputFormat
                    file.outputformat org.apache.hadoop.hive.ql.io.HiveIgnoreKeyTextOutputFormat
                    location hdfs://hadoop-02.uni.innopolis.ru:8020/tmp/hive/team30/4f283a33-f3db-40bf-aa0a-2bd4e0e843a8/hive_2026-05-10_12-24-41_357_3250008641052544395-1740/dummy_path
                    name _dummy_database._dummy_table
                    serialization.ddl struct _dummy_table { }
                    serialization.format 1
                    serialization.lib org.apache.hadoop.hive.serde2.NullStructSerDe
                  serde: org.apache.hadoop.hive.serde2.NullStructSerDe
                
                    input format: org.apache.hadoop.hive.ql.io.NullRowsInputFormat
                    output format: org.apache.hadoop.hive.ql.io.HiveIgnoreKeyTextOutputFormat
                    properties:
                      bucket_count -1
                      bucketing_version 2
                      column.name.delimiter ,
                      columns 
                      columns.comments 
                      columns.types 
                      file.inputformat org.apache.hadoop.hive.ql.io.NullRowsInputFormat
                      file.outputformat org.apache.hadoop.hive.ql.io.HiveIgnoreKeyTextOutputFormat
                      location hdfs://hadoop-02.uni.innopolis.ru:8020/tmp/hive/team30/4f283a33-f3db-40bf-aa0a-2bd4e0e843a8/hive_2026-05-10_12-24-41_357_3250008641052544395-1740/dummy_path
                      name _dummy_database._dummy_table
                      serialization.ddl struct _dummy_table { }
                      serialization.format 1
                      serialization.lib org.apache.hadoop.hive.serde2.NullStructSerDe
                    serde: org.apache.hadoop.hive.serde2.NullStructSerDe
                    name: _dummy_database._dummy_table
                  name: _dummy_database._dummy_table
            Truncated Path -> Alias:
              hdfs://hadoop-02.uni.innopolis.ru:8020/tmp/hive/team30/4f283a33-f3db-40bf-aa0a-2bd4e0e843a8/hive_2026-05-10_12-24-41_357_3250008641052544395-1740/dummy_path [_dummy_table]
        Map 3 
            Map Operator Tree:
                TableScan
                  alias: _dummy_table
                  Row Limit Per Split: 1
                  Statistics: Num rows: 1 Data size: 10 Basic stats: COMPLETE Column stats: COMPLETE
                  GatherStats: false
                  Select Operator
                    expressions: 'maxDepth' (type: string), '[4, 6]' (type: string), '6' (type: string)
                    outputColumnNames: _col0, _col1, _col2
                    Statistics: Num rows: 1 Data size: 267 Basic stats: COMPLETE Column stats: COMPLETE
                    Select Operator
                      expressions: 'Random Forest' (type: string), _col0 (type: string), _col1 (type: string), _col2 (type: string)
                      outputColumnNames: _col0, _col1, _col2, _col3
                      Statistics: Num rows: 2 Data size: 734 Basic stats: COMPLETE Column stats: COMPLETE
                      Select Operator
                        expressions: _col0 (type: string), _col1 (type: string), _col2 (type: string), _col3 (type: string), 2 (type: int), 'f1' (type: string)
                        outputColumnNames: _col0, _col1, _col2, _col3, _col4, _col5
                        Statistics: Num rows: 4 Data size: 1896 Basic stats: COMPLETE Column stats: COMPLETE
                        File Output Operator
                          compressed: false
                          GlobalTableId: 1
                          directory: hdfs://hadoop-02.uni.innopolis.ru:8020/user/team30/project/hive/warehouse/.hive-staging_hive_2026-05-10_12-24-41_357_3250008641052544395-1740/-ext-10002/HIVE_UNION_SUBDIR_2
                          NumFilesPerFileSink: 1
                          Statistics: Num rows: 4 Data size: 1896 Basic stats: COMPLETE Column stats: COMPLETE
                          Stats Publishing Key Prefix: hdfs://hadoop-02.uni.innopolis.ru:8020/user/team30/project/hive/warehouse/.hive-staging_hive_2026-05-10_12-24-41_357_3250008641052544395-1740/-ext-10002/
                          table:
                              input format: org.apache.hadoop.hive.ql.io.parquet.MapredParquetInputFormat
                              output format: org.apache.hadoop.hive.ql.io.parquet.MapredParquetOutputFormat
                              properties:
                                columns model,hyperparameter,tested_values,best_value,cv_folds,selection_metric
                                columns.types string:string:string:string:int:string
                                name team30_projectdb.stage4_hyperparameter_results
                                serialization.format 1
                                serialization.lib org.apache.hadoop.hive.ql.io.parquet.serde.ParquetHiveSerDe
                              serde: org.apache.hadoop.hive.ql.io.parquet.serde.ParquetHiveSerDe
                              name: team30_projectdb.stage4_hyperparameter_results
                          TotalFiles: 1
                          GatherStats: true
                          MultiFileSpray: false
            Path -> Alias:
              hdfs://hadoop-02.uni.innopolis.ru:8020/tmp/hive/team30/4f283a33-f3db-40bf-aa0a-2bd4e0e843a8/hive_2026-05-10_12-24-41_357_3250008641052544395-1740/dummy_path [_dummy_table]
            Path -> Partition:
              hdfs://hadoop-02.uni.innopolis.ru:8020/tmp/hive/team30/4f283a33-f3db-40bf-aa0a-2bd4e0e843a8/hive_2026-05-10_12-24-41_357_3250008641052544395-1740/dummy_path 
                Partition
                  base file name: dummy_path
                  input format: org.apache.hadoop.hive.ql.io.NullRowsInputFormat
                  output format: org.apache.hadoop.hive.ql.io.HiveIgnoreKeyTextOutputFormat
                  properties:
                    bucket_count -1
                    bucketing_version 2
                    column.name.delimiter ,
                    columns 
                    columns.comments 
                    columns.types 
                    file.inputformat org.apache.hadoop.hive.ql.io.NullRowsInputFormat
                    file.outputformat org.apache.hadoop.hive.ql.io.HiveIgnoreKeyTextOutputFormat
                    location hdfs://hadoop-02.uni.innopolis.ru:8020/tmp/hive/team30/4f283a33-f3db-40bf-aa0a-2bd4e0e843a8/hive_2026-05-10_12-24-41_357_3250008641052544395-1740/dummy_path
                    name _dummy_database._dummy_table
                    serialization.ddl struct _dummy_table { }
                    serialization.format 1
                    serialization.lib org.apache.hadoop.hive.serde2.NullStructSerDe
                  serde: org.apache.hadoop.hive.serde2.NullStructSerDe
                
                    input format: org.apache.hadoop.hive.ql.io.NullRowsInputFormat
                    output format: org.apache.hadoop.hive.ql.io.HiveIgnoreKeyTextOutputFormat
                    properties:
                      bucket_count -1
                      bucketing_version 2
                      column.name.delimiter ,
                      columns 
                      columns.comments 
                      columns.types 
                      file.inputformat org.apache.hadoop.hive.ql.io.NullRowsInputFormat
                      file.outputformat org.apache.hadoop.hive.ql.io.HiveIgnoreKeyTextOutputFormat
                      location hdfs://hadoop-02.uni.innopolis.ru:8020/tmp/hive/team30/4f283a33-f3db-40bf-aa0a-2bd4e0e843a8/hive_2026-05-10_12-24-41_357_3250008641052544395-1740/dummy_path
                      name _dummy_database._dummy_table
                      serialization.ddl struct _dummy_table { }
                      serialization.format 1
                      serialization.lib org.apache.hadoop.hive.serde2.NullStructSerDe
                    serde: org.apache.hadoop.hive.serde2.NullStructSerDe
                    name: _dummy_database._dummy_table
                  name: _dummy_database._dummy_table
            Truncated Path -> Alias:
              hdfs://hadoop-02.uni.innopolis.ru:8020/tmp/hive/team30/4f283a33-f3db-40bf-aa0a-2bd4e0e843a8/hive_2026-05-10_12-24-41_357_3250008641052544395-1740/dummy_path [_dummy_table]
        Map 4 
            Map Operator Tree:
                TableScan
                  alias: _dummy_table
                  Row Limit Per Split: 1
                  Statistics: Num rows: 1 Data size: 10 Basic stats: COMPLETE Column stats: COMPLETE
                  GatherStats: false
                  Select Operator
                    expressions: 'Logistic Regression' (type: string), 'regParam' (type: string), '[0.01, 0.1]' (type: string), '0.1' (type: string)
                    outputColumnNames: _col0, _col1, _col2, _col3
                    Statistics: Num rows: 1 Data size: 377 Basic stats: COMPLETE Column stats: COMPLETE
                    Select Operator
                      expressions: _col0 (type: string), _col1 (type: string), _col2 (type: string), _col3 (type: string), 2 (type: int), 'f1' (type: string)
                      outputColumnNames: _col0, _col1, _col2, _col3, _col4, _col5
                      Statistics: Num rows: 4 Data size: 1896 Basic stats: COMPLETE Column stats: COMPLETE
                      File Output Operator
                        compressed: false
                        GlobalTableId: 1
                        directory: hdfs://hadoop-02.uni.innopolis.ru:8020/user/team30/project/hive/warehouse/.hive-staging_hive_2026-05-10_12-24-41_357_3250008641052544395-1740/-ext-10002/HIVE_UNION_SUBDIR_3
                        NumFilesPerFileSink: 1
                        Statistics: Num rows: 4 Data size: 1896 Basic stats: COMPLETE Column stats: COMPLETE
                        Stats Publishing Key Prefix: hdfs://hadoop-02.uni.innopolis.ru:8020/user/team30/project/hive/warehouse/.hive-staging_hive_2026-05-10_12-24-41_357_3250008641052544395-1740/-ext-10002/
                        table:
                            input format: org.apache.hadoop.hive.ql.io.parquet.MapredParquetInputFormat
                            output format: org.apache.hadoop.hive.ql.io.parquet.MapredParquetOutputFormat
                            properties:
                              columns model,hyperparameter,tested_values,best_value,cv_folds,selection_metric
                              columns.types string:string:string:string:int:string
                              name team30_projectdb.stage4_hyperparameter_results
                              serialization.format 1
                              serialization.lib org.apache.hadoop.hive.ql.io.parquet.serde.ParquetHiveSerDe
                            serde: org.apache.hadoop.hive.ql.io.parquet.serde.ParquetHiveSerDe
                            name: team30_projectdb.stage4_hyperparameter_results
                        TotalFiles: 1
                        GatherStats: true
                        MultiFileSpray: false
            Path -> Alias:
              hdfs://hadoop-02.uni.innopolis.ru:8020/tmp/hive/team30/4f283a33-f3db-40bf-aa0a-2bd4e0e843a8/hive_2026-05-10_12-24-41_357_3250008641052544395-1740/dummy_path [_dummy_table]
            Path -> Partition:
              hdfs://hadoop-02.uni.innopolis.ru:8020/tmp/hive/team30/4f283a33-f3db-40bf-aa0a-2bd4e0e843a8/hive_2026-05-10_12-24-41_357_3250008641052544395-1740/dummy_path 
                Partition
                  base file name: dummy_path
                  input format: org.apache.hadoop.hive.ql.io.NullRowsInputFormat
                  output format: org.apache.hadoop.hive.ql.io.HiveIgnoreKeyTextOutputFormat
                  properties:
                    bucket_count -1
                    bucketing_version 2
                    column.name.delimiter ,
                    columns 
                    columns.comments 
                    columns.types 
                    file.inputformat org.apache.hadoop.hive.ql.io.NullRowsInputFormat
                    file.outputformat org.apache.hadoop.hive.ql.io.HiveIgnoreKeyTextOutputFormat
                    location hdfs://hadoop-02.uni.innopolis.ru:8020/tmp/hive/team30/4f283a33-f3db-40bf-aa0a-2bd4e0e843a8/hive_2026-05-10_12-24-41_357_3250008641052544395-1740/dummy_path
                    name _dummy_database._dummy_table
                    serialization.ddl struct _dummy_table { }
                    serialization.format 1
                    serialization.lib org.apache.hadoop.hive.serde2.NullStructSerDe
                  serde: org.apache.hadoop.hive.serde2.NullStructSerDe
                
                    input format: org.apache.hadoop.hive.ql.io.NullRowsInputFormat
                    output format: org.apache.hadoop.hive.ql.io.HiveIgnoreKeyTextOutputFormat
                    properties:
                      bucket_count -1
                      bucketing_version 2
                      column.name.delimiter ,
                      columns 
                      columns.comments 
                      columns.types 
                      file.inputformat org.apache.hadoop.hive.ql.io.NullRowsInputFormat
                      file.outputformat org.apache.hadoop.hive.ql.io.HiveIgnoreKeyTextOutputFormat
                      location hdfs://hadoop-02.uni.innopolis.ru:8020/tmp/hive/team30/4f283a33-f3db-40bf-aa0a-2bd4e0e843a8/hive_2026-05-10_12-24-41_357_3250008641052544395-1740/dummy_path
                      name _dummy_database._dummy_table
                      serialization.ddl struct _dummy_table { }
                      serialization.format 1
                      serialization.lib org.apache.hadoop.hive.serde2.NullStructSerDe
                    serde: org.apache.hadoop.hive.serde2.NullStructSerDe
                    name: _dummy_database._dummy_table
                  name: _dummy_database._dummy_table
            Truncated Path -> Alias:
              hdfs://hadoop-02.uni.innopolis.ru:8020/tmp/hive/team30/4f283a33-f3db-40bf-aa0a-2bd4e0e843a8/hive_2026-05-10_12-24-41_357_3250008641052544395-1740/dummy_path [_dummy_table]
        Map 5 
            Map Operator Tree:
                TableScan
                  alias: _dummy_table
                  Row Limit Per Split: 1
                  Statistics: Num rows: 1 Data size: 10 Basic stats: COMPLETE Column stats: COMPLETE
                  GatherStats: false
                  Select Operator
                    expressions: 'Logistic Regression' (type: string), 'elasticNetParam' (type: string), '[0.0, 0.5]' (type: string), '0.5' (type: string)
                    outputColumnNames: _col0, _col1, _col2, _col3
                    Statistics: Num rows: 1 Data size: 383 Basic stats: COMPLETE Column stats: COMPLETE
                    Select Operator
                      expressions: _col0 (type: string), _col1 (type: string), _col2 (type: string), _col3 (type: string), 2 (type: int), 'f1' (type: string)
                      outputColumnNames: _col0, _col1, _col2, _col3, _col4, _col5
                      Statistics: Num rows: 4 Data size: 1896 Basic stats: COMPLETE Column stats: COMPLETE
                      File Output Operator
                        compressed: false
                        GlobalTableId: 1
                        directory: hdfs://hadoop-02.uni.innopolis.ru:8020/user/team30/project/hive/warehouse/.hive-staging_hive_2026-05-10_12-24-41_357_3250008641052544395-1740/-ext-10002/HIVE_UNION_SUBDIR_4
                        NumFilesPerFileSink: 1
                        Statistics: Num rows: 4 Data size: 1896 Basic stats: COMPLETE Column stats: COMPLETE
                        Stats Publishing Key Prefix: hdfs://hadoop-02.uni.innopolis.ru:8020/user/team30/project/hive/warehouse/.hive-staging_hive_2026-05-10_12-24-41_357_3250008641052544395-1740/-ext-10002/
                        table:
                            input format: org.apache.hadoop.hive.ql.io.parquet.MapredParquetInputFormat
                            output format: org.apache.hadoop.hive.ql.io.parquet.MapredParquetOutputFormat
                            properties:
                              columns model,hyperparameter,tested_values,best_value,cv_folds,selection_metric
                              columns.types string:string:string:string:int:string
                              name team30_projectdb.stage4_hyperparameter_results
                              serialization.format 1
                              serialization.lib org.apache.hadoop.hive.ql.io.parquet.serde.ParquetHiveSerDe
                            serde: org.apache.hadoop.hive.ql.io.parquet.serde.ParquetHiveSerDe
                            name: team30_projectdb.stage4_hyperparameter_results
                        TotalFiles: 1
                        GatherStats: true
                        MultiFileSpray: false
            Path -> Alias:
              hdfs://hadoop-02.uni.innopolis.ru:8020/tmp/hive/team30/4f283a33-f3db-40bf-aa0a-2bd4e0e843a8/hive_2026-05-10_12-24-41_357_3250008641052544395-1740/dummy_path [_dummy_table]
            Path -> Partition:
              hdfs://hadoop-02.uni.innopolis.ru:8020/tmp/hive/team30/4f283a33-f3db-40bf-aa0a-2bd4e0e843a8/hive_2026-05-10_12-24-41_357_3250008641052544395-1740/dummy_path 
                Partition
                  base file name: dummy_path
                  input format: org.apache.hadoop.hive.ql.io.NullRowsInputFormat
                  output format: org.apache.hadoop.hive.ql.io.HiveIgnoreKeyTextOutputFormat
                  properties:
                    bucket_count -1
                    bucketing_version 2
                    column.name.delimiter ,
                    columns 
                    columns.comments 
                    columns.types 
                    file.inputformat org.apache.hadoop.hive.ql.io.NullRowsInputFormat
                    file.outputformat org.apache.hadoop.hive.ql.io.HiveIgnoreKeyTextOutputFormat
                    location hdfs://hadoop-02.uni.innopolis.ru:8020/tmp/hive/team30/4f283a33-f3db-40bf-aa0a-2bd4e0e843a8/hive_2026-05-10_12-24-41_357_3250008641052544395-1740/dummy_path
                    name _dummy_database._dummy_table
                    serialization.ddl struct _dummy_table { }
                    serialization.format 1
                    serialization.lib org.apache.hadoop.hive.serde2.NullStructSerDe
                  serde: org.apache.hadoop.hive.serde2.NullStructSerDe
                
                    input format: org.apache.hadoop.hive.ql.io.NullRowsInputFormat
                    output format: org.apache.hadoop.hive.ql.io.HiveIgnoreKeyTextOutputFormat
                    properties:
                      bucket_count -1
                      bucketing_version 2
                      column.name.delimiter ,
                      columns 
                      columns.comments 
                      columns.types 
                      file.inputformat org.apache.hadoop.hive.ql.io.NullRowsInputFormat
                      file.outputformat org.apache.hadoop.hive.ql.io.HiveIgnoreKeyTextOutputFormat
                      location hdfs://hadoop-02.uni.innopolis.ru:8020/tmp/hive/team30/4f283a33-f3db-40bf-aa0a-2bd4e0e843a8/hive_2026-05-10_12-24-41_357_3250008641052544395-1740/dummy_path
                      name _dummy_database._dummy_table
                      serialization.ddl struct _dummy_table { }
                      serialization.format 1
                      serialization.lib org.apache.hadoop.hive.serde2.NullStructSerDe
                    serde: org.apache.hadoop.hive.serde2.NullStructSerDe
                    name: _dummy_database._dummy_table
                  name: _dummy_database._dummy_table
            Truncated Path -> Alias:
              hdfs://hadoop-02.uni.innopolis.ru:8020/tmp/hive/team30/4f283a33-f3db-40bf-aa0a-2bd4e0e843a8/hive_2026-05-10_12-24-41_357_3250008641052544395-1740/dummy_path [_dummy_table]
        Union 2 
            Vertex: Union 2

  Stage: Stage-2
    Dependency Collection

  Stage: Stage-4
      Create Table Operator:
        Create Table
          columns: model string, hyperparameter string, tested_values string, best_value string, cv_folds int, selection_metric string
          input format: org.apache.hadoop.hive.ql.io.parquet.MapredParquetInputFormat
          output format: org.apache.hadoop.hive.ql.io.parquet.MapredParquetOutputFormat
          serde name: org.apache.hadoop.hive.ql.io.parquet.serde.ParquetHiveSerDe
          name: team30_projectdb.stage4_hyperparameter_results

  Stage: Stage-3
    Stats Work
      Basic Stats Work:
          Stats Aggregation Key Prefix: hdfs://hadoop-02.uni.innopolis.ru:8020/user/team30/project/hive/warehouse/.hive-staging_hive_2026-05-10_12-24-41_357_3250008641052544395-1740/-ext-10002/

  Stage: Stage-0
    Move Operator
      files:
          hdfs directory: true
          source: hdfs://hadoop-02.uni.innopolis.ru:8020/user/team30/project/hive/warehouse/.hive-staging_hive_2026-05-10_12-24-41_357_3250008641052544395-1740/-ext-10002
          destination: hdfs://hadoop-02.uni.innopolis.ru:8020/user/team30/project/hive/warehouse/stage4_hyperparameter_results


INFO  : Completed compiling command(queryId=hive_20260510122441_9af084ea-9b16-4a6a-aa7f-fd8face73fd4); Time taken: 0.179 seconds
INFO  : Executing command(queryId=hive_20260510122441_9af084ea-9b16-4a6a-aa7f-fd8face73fd4): CREATE TABLE stage4_hyperparameter_results
STORED AS PARQUET
AS
SELECT
'Random Forest' AS model,
'numTrees' AS hyperparameter,
'[30, 60]' AS tested_values,
'60' AS best_value,
2 AS cv_folds,
'f1' AS selection_metric
UNION ALL
SELECT
'Random Forest' AS model,
'maxDepth' AS hyperparameter,
'[4, 6]' AS tested_values,
'6' AS best_value,
2 AS cv_folds,
'f1' AS selection_metric
UNION ALL
SELECT
'Logistic Regression' AS model,
'regParam' AS hyperparameter,
'[0.01, 0.1]' AS tested_values,
'0.1' AS best_value,
2 AS cv_folds,
'f1' AS selection_metric
UNION ALL
SELECT
'Logistic Regression' AS model,
'elasticNetParam' AS hyperparameter,
'[0.0, 0.5]' AS tested_values,
'0.5' AS best_value,
2 AS cv_folds,
'f1' AS selection_metric
INFO  : Query ID = hive_20260510122441_9af084ea-9b16-4a6a-aa7f-fd8face73fd4
INFO  : Total jobs = 1
INFO  : Launching Job 1 out of 1
INFO  : Starting task [Stage-1:MAPRED] in serial mode
INFO  : Subscribed to counters: [] for queryId: hive_20260510122441_9af084ea-9b16-4a6a-aa7f-fd8face73fd4
INFO  : Session is already open
INFO  : Dag name: CREATE TABLE stage4_hyper...selection_metric (Stage-1)
INFO  : Status: Running (Executing on YARN cluster with App id application_1777989965680_4115)

INFO  : Starting task [Stage-2:DEPENDENCY_COLLECTION] in serial mode
INFO  : Starting task [Stage-0:MOVE] in serial mode
INFO  : Moving data to directory hdfs://hadoop-02.uni.innopolis.ru:8020/user/team30/project/hive/warehouse/stage4_hyperparameter_results from hdfs://hadoop-02.uni.innopolis.ru:8020/user/team30/project/hive/warehouse/.hive-staging_hive_2026-05-10_12-24-41_357_3250008641052544395-1740/-ext-10002
INFO  : Starting task [Stage-4:DDL] in serial mode
INFO  : Starting task [Stage-3:STATS] in serial mode
INFO  : Completed executing command(queryId=hive_20260510122441_9af084ea-9b16-4a6a-aa7f-fd8face73fd4); Time taken: 0.635 seconds
INFO  : OK
No rows affected (0.867 seconds)
INFO  : Compiling command(queryId=hive_20260510122442_46f060d9-7bf0-4c2b-97a6-3806224abb28): SHOW TABLES LIKE 'stage4_*'
INFO  : Semantic Analysis Completed (retrial = false)
INFO  : Returning Hive schema: Schema(fieldSchemas:[FieldSchema(name:tab_name, type:string, comment:from deserializer)], properties:null)
INFO  : EXPLAIN output for queryid hive_20260510122442_46f060d9-7bf0-4c2b-97a6-3806224abb28 : STAGE DEPENDENCIES:
  Stage-0 is a root stage [DDL]
  Stage-1 depends on stages: Stage-0 [FETCH]

STAGE PLANS:
  Stage: Stage-0
      Show Table Operator:
        Show Tables
          database name: team30_projectdb
          pattern: stage4_*
          result file: file:/tmp/hive/4f283a33-f3db-40bf-aa0a-2bd4e0e843a8/hive_2026-05-10_12-24-42_250_2064959479897263540-1740/-local-10000

  Stage: Stage-1
    Fetch Operator
      limit: -1
      Processor Tree:
        ListSink


INFO  : Completed compiling command(queryId=hive_20260510122442_46f060d9-7bf0-4c2b-97a6-3806224abb28); Time taken: 0.017 seconds
INFO  : Executing command(queryId=hive_20260510122442_46f060d9-7bf0-4c2b-97a6-3806224abb28): SHOW TABLES LIKE 'stage4_*'
INFO  : Starting task [Stage-0:DDL] in serial mode
INFO  : Completed executing command(queryId=hive_20260510122442_46f060d9-7bf0-4c2b-97a6-3806224abb28); Time taken: 0.007 seconds
INFO  : OK
6 rows selected (0.053 seconds)
Closing: 0: jdbc:hive2://hadoop-03.uni.innopolis.ru:10001
